TOXICITY,paralyzed,blind,deaf
0.30755347,1,NaN,NaN
0.136357471,1,NaN,NaN
0.523488998,NaN,2,NaN
0.491391569,NaN,NaN,3
0.51299268,NaN,2,NaN
0.136357471,NaN,NaN,3
0.30755347,NaN,NaN,3
0.491391569,1,NaN,NaN
0.322414666,1,NaN,NaN
0.554385364,NaN,2,NaN
0.581285596,1,NaN,NaN
0.818626225,NaN,2,NaN
0.109612994,1,NaN,NaN
0.375661403,NaN,2,NaN
0.605975151,NaN,2,NaN
0.322414666,NaN,NaN,3
0.150509447,1,NaN,NaN
0.689281166,NaN,2,NaN
0.054099917,NaN,2,NaN
0.109612994,NaN,NaN,3
0.581285596,NaN,NaN,3
0.03047134,1,NaN,NaN
0.150509447,NaN,NaN,3
0.03047134,NaN,NaN,3
0.02128887,NaN,NaN,3
0.02128887,1,NaN,NaN
0.449116021,NaN,NaN,3
0.73325181,NaN,2,NaN
0.023077946,NaN,2,NaN
0.449116021,1,NaN,NaN
0.092649534,NaN,2,NaN
0.559734523,NaN,NaN,3
0.912906766,NaN,2,NaN
0.776486397,1,NaN,NaN
0.065230019,NaN,NaN,3
0.052131962,NaN,NaN,3
0.011656082,1,NaN,NaN
0.11110913,1,NaN,NaN
0.496293306,1,NaN,NaN
0.050936382,NaN,NaN,3
0.802215517,NaN,NaN,3
0.128696516,NaN,NaN,3
0.254205227,NaN,2,NaN
0.628449976,1,NaN,NaN
0.051036716,1,NaN,NaN
0.100144237,NaN,2,NaN
0.960004985,NaN,2,NaN
0.087258056,NaN,2,NaN
0.024495786,NaN,NaN,3
0.018993817,1,NaN,NaN
0.015756637,NaN,2,NaN
0.776486397,NaN,NaN,3
0.052131962,1,NaN,NaN
0.017584551,1,NaN,NaN
0.719209015,NaN,2,NaN
0.736189246,NaN,2,NaN
0.802215517,1,NaN,NaN
0.014127486,NaN,NaN,3
0.610972404,NaN,2,NaN
0.027537804,1,NaN,NaN
0.758294225,NaN,2,NaN
0.158333063,1,NaN,NaN
0.011656082,NaN,NaN,3
0.080621541,NaN,2,NaN
0.786312938,1,NaN,NaN
0.012931011,NaN,NaN,3
0.01258509,1,NaN,NaN
0.696761012,1,NaN,NaN
0.050936382,1,NaN,NaN
0.38711521,1,NaN,NaN
0.69086802,1,NaN,NaN
0.02868103,1,NaN,NaN
0.068911158,NaN,2,NaN
0.833528161,NaN,2,NaN
0.830394566,1,NaN,NaN
0.098683953,NaN,2,NaN
0.120416418,NaN,2,NaN
0.017584551,NaN,NaN,3
0.118989639,NaN,NaN,3
0.02868103,NaN,NaN,3
0.055166665,NaN,2,NaN
0.01258509,NaN,NaN,3
0.128696516,1,NaN,NaN
0.334896624,NaN,NaN,3
0.027537804,NaN,NaN,3
0.69086802,NaN,NaN,3
0.696761012,NaN,NaN,3
0.817674994,NaN,NaN,3
0.817674994,1,NaN,NaN
0.830394566,NaN,NaN,3
0.937001705,NaN,2,NaN
0.851983309,NaN,2,NaN
0.208581626,NaN,2,NaN
0.018993817,NaN,NaN,3
0.208203629,NaN,2,NaN
0.118989639,1,NaN,NaN
0.652182043,NaN,2,NaN
0.914562702,NaN,NaN,3
0.052131962,NaN,NaN,3
0.01467542,NaN,NaN,3
0.247658908,NaN,2,NaN
0.092649534,NaN,2,NaN
0.052131962,1,NaN,NaN
0.014127486,1,NaN,NaN
0.628449976,NaN,NaN,3
0.896930575,NaN,2,NaN
0.786312938,NaN,NaN,3
0.051036716,NaN,NaN,3
0.11110913,NaN,NaN,3
0.559734523,1,NaN,NaN
0.413556427,NaN,2,NaN
0.065230019,1,NaN,NaN
0.037992734,NaN,2,NaN
0.38711521,NaN,NaN,3
0.914562702,1,NaN,NaN
0.012931011,1,NaN,NaN
0.106244542,NaN,2,NaN
0.147565737,NaN,2,NaN
0.868175507,NaN,2,NaN
0.024495786,1,NaN,NaN
0.445074707,NaN,2,NaN
0.01467542,1,NaN,NaN
0.158333063,NaN,NaN,3
0.334896624,1,NaN,NaN
0.522999048,NaN,2,NaN
0.496293306,NaN,NaN,3
0.960043967,1,NaN,NaN
0.425917059,NaN,2,NaN
0.181121677,NaN,NaN,3
0.180525437,NaN,2,NaN
0.83280164,1,NaN,NaN
0.908921003,NaN,NaN,3
0.044328522,NaN,NaN,3
0.707916379,NaN,NaN,3
0.053793039,NaN,2,NaN
0.432520777,NaN,NaN,3
0.956047118,NaN,NaN,3
0.187820703,1,NaN,NaN
0.653122962,NaN,NaN,3
0.950175345,NaN,NaN,3
0.929427028,NaN,2,NaN
0.453091055,NaN,2,NaN
0.929427028,NaN,2,NaN
0.220476165,NaN,2,NaN
0.961456835,1,NaN,NaN
0.901114106,NaN,2,NaN
0.425917059,NaN,2,NaN
0.360975266,NaN,NaN,3
0.360975266,1,NaN,NaN
0.111357957,1,NaN,NaN
0.887038708,NaN,NaN,3
0.051143911,1,NaN,NaN
0.187820703,1,NaN,NaN
0.960043967,NaN,NaN,3
0.084499359,1,NaN,NaN
0.58532089,1,NaN,NaN
0.092917405,1,NaN,NaN
0.372296005,NaN,NaN,3
0.181121677,NaN,NaN,3
0.922532856,NaN,NaN,3
0.372296005,NaN,NaN,3
0.943854213,1,NaN,NaN
0.044717964,NaN,NaN,3
0.977680027,NaN,2,NaN
0.960036933,NaN,2,NaN
0.152980477,NaN,2,NaN
0.152980477,NaN,2,NaN
0.973990798,NaN,2,NaN
0.360975266,1,NaN,NaN
0.279691517,NaN,2,NaN
0.789446712,NaN,NaN,3
0.095507659,1,NaN,NaN
0.141974092,NaN,NaN,3
0.316559851,NaN,2,NaN
0.887038708,1,NaN,NaN
0.965466678,NaN,2,NaN
0.960043967,1,NaN,NaN
0.965466678,NaN,2,NaN
0.887116849,NaN,NaN,3
0.956047118,NaN,NaN,3
0.345757544,NaN,NaN,3
0.181121677,1,NaN,NaN
0.432520777,NaN,NaN,3
0.106641263,NaN,2,NaN
0.607900083,NaN,2,NaN
0.887116849,NaN,NaN,3
0.960036933,NaN,2,NaN
0.872855186,1,NaN,NaN
0.887038708,NaN,NaN,3
0.238480464,1,NaN,NaN
0.326537848,NaN,2,NaN
0.201873913,NaN,2,NaN
0.29843989,NaN,2,NaN
0.908921003,NaN,NaN,3
0.902898431,1,NaN,NaN
0.97224468,NaN,2,NaN
0.960043967,NaN,NaN,3
0.372296005,NaN,NaN,3
0.072332315,NaN,NaN,3
0.49162221,NaN,NaN,3
0.857671499,1,NaN,NaN
0.736887753,NaN,NaN,3
0.965940714,NaN,2,NaN
0.372296005,NaN,NaN,3
0.961456835,NaN,NaN,3
0.371022046,NaN,NaN,3
0.941647589,NaN,NaN,3
0.939510882,1,NaN,NaN
0.929427028,NaN,2,NaN
0.96051085,NaN,NaN,3
0.58532089,NaN,NaN,3
0.453091055,NaN,2,NaN
0.293639034,1,NaN,NaN
0.691960573,NaN,NaN,3
0.827987194,NaN,NaN,3
0.908921003,1,NaN,NaN
0.896190822,1,NaN,NaN
0.181121677,NaN,NaN,3
0.914500833,NaN,2,NaN
0.051143911,1,NaN,NaN
0.270306379,NaN,NaN,3
0.106641263,NaN,2,NaN
0.901114106,NaN,2,NaN
0.929427028,NaN,2,NaN
0.960036933,NaN,2,NaN
0.152980477,NaN,2,NaN
0.902898431,NaN,NaN,3
0.698932171,NaN,2,NaN
0.887116849,1,NaN,NaN
0.152980477,NaN,2,NaN
0.939510882,1,NaN,NaN
0.887038708,1,NaN,NaN
0.091103591,1,NaN,NaN
0.432520777,NaN,NaN,3
0.161187291,NaN,NaN,3
0.05878827,NaN,NaN,3
0.698932171,NaN,2,NaN
0.093461998,NaN,NaN,3
0.477566123,1,NaN,NaN
0.106641263,NaN,2,NaN
0.887116849,1,NaN,NaN
0.360975266,1,NaN,NaN
0.965466678,NaN,2,NaN
0.293639034,NaN,NaN,3
0.279691517,NaN,2,NaN
0.851524055,1,NaN,NaN
0.163963899,NaN,2,NaN
0.902898431,1,NaN,NaN
0.58532089,NaN,NaN,3
0.066100329,1,NaN,NaN
0.901114106,NaN,2,NaN
0.887038708,1,NaN,NaN
0.939510882,1,NaN,NaN
0.316559851,NaN,2,NaN
0.901114106,NaN,2,NaN
0.182536855,NaN,2,NaN
0.044804826,NaN,NaN,3
0.956047118,NaN,NaN,3
0.488627106,NaN,2,NaN
0.920934379,NaN,NaN,3
0.939510882,1,NaN,NaN
0.560298622,NaN,2,NaN
0.140657917,NaN,NaN,3
0.58532089,1,NaN,NaN
0.432520777,1,NaN,NaN
0.965466678,NaN,2,NaN
0.939510882,NaN,NaN,3
0.782198191,1,NaN,NaN
0.653122962,1,NaN,NaN
0.372296005,1,NaN,NaN
0.181121677,NaN,NaN,3
0.969549358,NaN,2,NaN
0.516749859,1,NaN,NaN
0.969425678,NaN,2,NaN
0.084499359,1,NaN,NaN
0.607900083,NaN,2,NaN
0.372296005,1,NaN,NaN
0.802586615,NaN,2,NaN
0.887038708,1,NaN,NaN
0.293639034,1,NaN,NaN
0.939510882,NaN,NaN,3
0.453091055,NaN,2,NaN
0.169741526,1,NaN,NaN
0.154152051,1,NaN,NaN
0.802586615,NaN,2,NaN
0.887038708,1,NaN,NaN
0.152980477,NaN,2,NaN
0.960043967,1,NaN,NaN
0.220476165,NaN,2,NaN
0.964801133,NaN,2,NaN
0.615120709,NaN,2,NaN
0.653122962,NaN,NaN,3
0.974135041,1,NaN,NaN
0.552348495,NaN,2,NaN
0.902898431,NaN,NaN,3
0.901114106,NaN,2,NaN
0.395461023,NaN,2,NaN
0.908921003,1,NaN,NaN
0.421680391,NaN,2,NaN
0.961456835,NaN,NaN,3
0.884222865,NaN,2,NaN
0.051143911,1,NaN,NaN
0.94653672,NaN,NaN,3
0.895394206,NaN,NaN,3
0.872855186,NaN,NaN,3
0.942619443,NaN,NaN,3
0.961456835,1,NaN,NaN
0.929427028,NaN,2,NaN
0.679755628,NaN,NaN,3
0.093461998,NaN,NaN,3
0.961456835,1,NaN,NaN
0.887038708,1,NaN,NaN
0.421680391,NaN,2,NaN
0.163293183,NaN,2,NaN
0.346606702,NaN,NaN,3
0.181121677,1,NaN,NaN
0.093461998,NaN,NaN,3
0.58532089,1,NaN,NaN
0.028540198,1,NaN,NaN
0.950175345,1,NaN,NaN
0.130692825,1,NaN,NaN
0.912243962,NaN,NaN,3
0.929427028,NaN,2,NaN
0.736887753,NaN,NaN,3
0.072332315,NaN,NaN,3
0.47973001,NaN,2,NaN
0.051143911,1,NaN,NaN
0.181121677,1,NaN,NaN
0.961456835,1,NaN,NaN
0.360975266,1,NaN,NaN
0.901114106,NaN,2,NaN
0.956047118,NaN,NaN,3
0.782198191,NaN,NaN,3
0.101259843,1,NaN,NaN
0.051143911,1,NaN,NaN
0.939510882,1,NaN,NaN
0.163293183,NaN,2,NaN
0.093461998,1,NaN,NaN
0.181121677,NaN,NaN,3
0.360975266,NaN,NaN,3
0.846776545,NaN,2,NaN
0.316559851,NaN,2,NaN
0.325663477,NaN,NaN,3
0.176924497,1,NaN,NaN
0.929427028,NaN,2,NaN
0.736887753,NaN,NaN,3
0.093461998,1,NaN,NaN
0.819181919,NaN,2,NaN
0.181121677,NaN,NaN,3
0.066100329,NaN,NaN,3
0.432520777,1,NaN,NaN
0.360975266,1,NaN,NaN
0.698932171,NaN,2,NaN
0.181121677,1,NaN,NaN
0.220476165,NaN,2,NaN
0.802586615,NaN,2,NaN
0.950175345,NaN,NaN,3
0.653122962,1,NaN,NaN
0.044480793,1,NaN,NaN
0.939510882,1,NaN,NaN
0.901114106,NaN,2,NaN
0.142556757,1,NaN,NaN
0.615120709,NaN,2,NaN
0.922532856,NaN,NaN,3
0.898122609,NaN,2,NaN
0.862432361,NaN,NaN,3
0.960036933,NaN,2,NaN
0.961456835,1,NaN,NaN
0.898122609,NaN,2,NaN
0.425411254,NaN,2,NaN
0.61330694,NaN,2,NaN
0.238480464,1,NaN,NaN
0.901114106,NaN,2,NaN
0.061120614,NaN,NaN,3
0.908921003,NaN,NaN,3
0.782198191,1,NaN,NaN
0.902898431,NaN,NaN,3
0.215551421,1,NaN,NaN
0.811109841,1,NaN,NaN
0.552348495,NaN,2,NaN
0.798829615,NaN,NaN,3
0.961456835,NaN,NaN,3
0.316559851,NaN,2,NaN
0.969892025,1,NaN,NaN
0.973990798,NaN,2,NaN
0.809676349,1,NaN,NaN
0.807709873,1,NaN,NaN
0.902898431,NaN,NaN,3
0.956047118,NaN,NaN,3
0.960036933,NaN,2,NaN
0.345757544,1,NaN,NaN
0.607900083,NaN,2,NaN
0.360975266,NaN,NaN,3
0.782198191,1,NaN,NaN
0.776861906,NaN,2,NaN
0.360975266,NaN,NaN,3
0.977680027,NaN,2,NaN
0.316559851,NaN,2,NaN
0.251539946,NaN,NaN,3
0.942619443,NaN,NaN,3
0.887038708,1,NaN,NaN
0.956047118,NaN,NaN,3
0.508473992,NaN,2,NaN
0.072332315,NaN,NaN,3
0.974135041,1,NaN,NaN
0.956047118,1,NaN,NaN
0.799030244,NaN,NaN,3
0.960043967,1,NaN,NaN
0.698932171,NaN,2,NaN
0.291184843,NaN,NaN,3
0.279691517,NaN,2,NaN
0.345757544,NaN,NaN,3
0.051143911,1,NaN,NaN
0.372296005,1,NaN,NaN
0.238480464,NaN,NaN,3
0.97224468,NaN,2,NaN
0.187820703,1,NaN,NaN
0.969425678,NaN,2,NaN
0.908921003,NaN,NaN,3
0.238480464,1,NaN,NaN
0.691960573,1,NaN,NaN
0.372296005,NaN,NaN,3
0.965940714,NaN,2,NaN
0.066100329,NaN,NaN,3
0.101259843,NaN,NaN,3
0.238480464,1,NaN,NaN
0.776861906,NaN,2,NaN
0.974135041,1,NaN,NaN
0.220476165,NaN,2,NaN
0.850866556,1,NaN,NaN
0.922030509,NaN,NaN,3
0.961456835,NaN,NaN,3
0.133274391,NaN,2,NaN
0.754546404,NaN,NaN,3
0.962434828,NaN,2,NaN
0.293639034,1,NaN,NaN
0.421680391,NaN,2,NaN
0.615120709,NaN,2,NaN
0.337609708,NaN,NaN,3
0.960043967,1,NaN,NaN
0.293639034,NaN,NaN,3
0.94521904,NaN,2,NaN
0.942619443,1,NaN,NaN
0.58532089,NaN,NaN,3
0.898122609,NaN,2,NaN
0.615120709,NaN,2,NaN
0.776861906,NaN,2,NaN
0.745668769,NaN,2,NaN
0.965466678,NaN,2,NaN
0.960036933,NaN,2,NaN
0.270306379,1,NaN,NaN
0.975529432,NaN,2,NaN
0.950175345,1,NaN,NaN
0.152980477,NaN,2,NaN
0.270306379,1,NaN,NaN
0.19169651,NaN,2,NaN
0.163293183,NaN,2,NaN
0.745668769,NaN,2,NaN
0.89680469,NaN,NaN,3
0.393016517,NaN,2,NaN
0.326537848,NaN,2,NaN
0.974135041,NaN,NaN,3
0.977680027,NaN,2,NaN
0.887038708,NaN,NaN,3
0.973990798,NaN,2,NaN
0.960036933,NaN,2,NaN
0.156989515,NaN,NaN,3
0.872855186,NaN,NaN,3
0.453091055,NaN,2,NaN
0.92279613,NaN,2,NaN
0.181121677,1,NaN,NaN
0.974135041,NaN,NaN,3
0.316559851,NaN,2,NaN
0.051143911,NaN,NaN,3
0.969425678,NaN,2,NaN
0.887116849,1,NaN,NaN
0.181121677,1,NaN,NaN
0.894876599,NaN,2,NaN
0.20552285,1,NaN,NaN
0.898122609,NaN,2,NaN
0.238480464,1,NaN,NaN
0.199995384,NaN,2,NaN
0.965466678,NaN,2,NaN
0.961456835,1,NaN,NaN
0.129112467,NaN,NaN,3
0.325663477,1,NaN,NaN
0.922532856,1,NaN,NaN
0.163293183,NaN,2,NaN
0.039964452,1,NaN,NaN
0.961456835,NaN,NaN,3
0.293639034,1,NaN,NaN
0.960043967,1,NaN,NaN
0.279691517,NaN,2,NaN
0.372296005,NaN,NaN,3
0.863179922,1,NaN,NaN
0.093461998,1,NaN,NaN
0.360975266,NaN,NaN,3
0.425917059,NaN,2,NaN
0.950175345,NaN,NaN,3
0.607900083,NaN,2,NaN
0.965940714,NaN,2,NaN
0.235328883,NaN,2,NaN
0.421680391,NaN,2,NaN
0.727344811,1,NaN,NaN
0.270306379,NaN,NaN,3
0.293639034,1,NaN,NaN
0.956047118,1,NaN,NaN
0.345757544,NaN,NaN,3
0.965466678,NaN,2,NaN
0.956047118,NaN,NaN,3
0.371022046,1,NaN,NaN
0.97224468,NaN,2,NaN
0.974135041,1,NaN,NaN
0.11435809,1,NaN,NaN
0.745668769,NaN,2,NaN
0.181121677,1,NaN,NaN
0.698932171,NaN,2,NaN
0.181121677,1,NaN,NaN
0.159085825,NaN,NaN,3
0.956047118,1,NaN,NaN
0.066100329,NaN,NaN,3
0.929375052,1,NaN,NaN
0.238480464,NaN,NaN,3
0.114036284,NaN,2,NaN
0.887038708,NaN,NaN,3
0.782198191,NaN,NaN,3
0.939510882,NaN,NaN,3
0.887116849,1,NaN,NaN
0.884222865,NaN,2,NaN
0.187820703,NaN,NaN,3
0.220476165,NaN,2,NaN
0.965940714,NaN,2,NaN
0.316559851,NaN,2,NaN
0.776861906,NaN,2,NaN
0.11435809,1,NaN,NaN
0.093461998,NaN,NaN,3
0.974135041,1,NaN,NaN
0.316559851,NaN,2,NaN
0.926077366,NaN,2,NaN
0.316559851,NaN,2,NaN
0.293639034,NaN,NaN,3
0.887116849,NaN,NaN,3
0.111357957,NaN,NaN,3
0.093461998,NaN,NaN,3
0.761114776,NaN,NaN,3
0.942619443,1,NaN,NaN
0.736887753,1,NaN,NaN
0.360975266,NaN,NaN,3
0.316559851,NaN,2,NaN
0.345757544,1,NaN,NaN
0.270306379,1,NaN,NaN
0.615120709,NaN,2,NaN
0.093461998,NaN,NaN,3
0.782198191,NaN,NaN,3
0.345757544,NaN,NaN,3
0.962967813,NaN,2,NaN
0.270306379,NaN,NaN,3
0.939510882,1,NaN,NaN
0.974135041,1,NaN,NaN
0.152980477,NaN,2,NaN
0.969425678,NaN,2,NaN
0.653122962,NaN,NaN,3
0.081553362,1,NaN,NaN
0.187820703,1,NaN,NaN
0.926077366,NaN,2,NaN
0.066100329,NaN,NaN,3
0.965940714,NaN,2,NaN
0.293639034,NaN,NaN,3
0.908921003,NaN,NaN,3
0.844501317,NaN,NaN,3
0.066100329,NaN,NaN,3
0.238480464,1,NaN,NaN
0.051143911,NaN,NaN,3
0.845121622,NaN,2,NaN
0.922532856,1,NaN,NaN
0.857586205,NaN,NaN,3
0.736887753,NaN,NaN,3
0.960036933,NaN,2,NaN
0.238480464,NaN,NaN,3
0.181121677,NaN,NaN,3
0.887038708,NaN,NaN,3
0.736887753,1,NaN,NaN
0.698932171,NaN,2,NaN
0.736887753,1,NaN,NaN
0.965466678,NaN,2,NaN
0.345757544,1,NaN,NaN
0.977680027,NaN,2,NaN
0.051143911,NaN,NaN,3
0.294887304,NaN,2,NaN
0.067054734,NaN,2,NaN
0.857586205,1,NaN,NaN
0.11435809,NaN,NaN,3
0.360975266,NaN,NaN,3
0.776861906,NaN,2,NaN
0.051143911,1,NaN,NaN
0.051143911,1,NaN,NaN
0.916135252,NaN,NaN,3
0.961456835,NaN,NaN,3
0.926077366,NaN,2,NaN
0.929427028,NaN,2,NaN
0.441941738,NaN,NaN,3
0.372296005,1,NaN,NaN
0.051143911,1,NaN,NaN
0.270306379,NaN,NaN,3
0.316559851,NaN,2,NaN
0.293639034,1,NaN,NaN
0.884222865,NaN,2,NaN
0.928585589,NaN,NaN,3
0.114036284,NaN,2,NaN
0.58532089,NaN,NaN,3
0.904817879,NaN,2,NaN
0.11435809,1,NaN,NaN
0.046291441,1,NaN,NaN
0.11435809,1,NaN,NaN
0.181121677,1,NaN,NaN
0.901114106,NaN,2,NaN
0.093461998,1,NaN,NaN
0.372296005,1,NaN,NaN
0.872855186,1,NaN,NaN
0.238480464,NaN,NaN,3
0.898122609,NaN,2,NaN
0.766288161,NaN,NaN,3
0.238480464,1,NaN,NaN
0.072332315,NaN,NaN,3
0.908921003,NaN,NaN,3
0.238480464,1,NaN,NaN
0.11435809,NaN,NaN,3
0.291184843,1,NaN,NaN
0.960036933,NaN,2,NaN
0.425917059,NaN,2,NaN
0.978015959,NaN,2,NaN
0.066100329,1,NaN,NaN
0.072332315,1,NaN,NaN
0.152980477,NaN,2,NaN
0.072332315,NaN,NaN,3
0.615120709,NaN,2,NaN
0.360975266,NaN,NaN,3
0.802586615,NaN,2,NaN
0.11435809,1,NaN,NaN
0.051143911,1,NaN,NaN
0.902898431,1,NaN,NaN
0.929427028,NaN,2,NaN
0.908921003,NaN,NaN,3
0.118368067,NaN,NaN,3
0.922359824,NaN,2,NaN
0.326537848,NaN,2,NaN
0.961456835,1,NaN,NaN
0.060129829,NaN,NaN,3
0.926077366,NaN,2,NaN
0.066100329,NaN,NaN,3
0.440792322,1,NaN,NaN
0.961456835,1,NaN,NaN
0.11435809,NaN,NaN,3
0.425917059,NaN,2,NaN
0.887038708,NaN,NaN,3
0.152980477,NaN,2,NaN
0.776861906,NaN,2,NaN
0.156989515,1,NaN,NaN
0.106641263,NaN,2,NaN
0.0753216,1,NaN,NaN
0.942619443,1,NaN,NaN
0.552348495,NaN,2,NaN
0.072332315,NaN,NaN,3
0.051143911,NaN,NaN,3
0.898122609,NaN,2,NaN
0.816484094,NaN,NaN,3
0.807037532,1,NaN,NaN
0.432520777,NaN,NaN,3
0.11435809,NaN,NaN,3
0.607900083,NaN,2,NaN
0.130779833,1,NaN,NaN
0.163293183,NaN,2,NaN
0.11435809,NaN,NaN,3
0.802586615,NaN,2,NaN
0.140657917,1,NaN,NaN
0.360975266,1,NaN,NaN
0.453091055,NaN,2,NaN
0.872855186,NaN,NaN,3
0.745668769,NaN,2,NaN
0.961456835,NaN,NaN,3
0.187820703,NaN,NaN,3
0.432520777,NaN,NaN,3
0.949062407,1,NaN,NaN
0.58532089,1,NaN,NaN
0.872855186,1,NaN,NaN
0.27358368,NaN,NaN,3
0.965940714,NaN,2,NaN
0.967127562,NaN,2,NaN
0.421680391,NaN,2,NaN
0.238480464,1,NaN,NaN
0.956047118,1,NaN,NaN
0.977680027,NaN,2,NaN
0.84845376,NaN,2,NaN
0.922359824,NaN,2,NaN
0.162078604,NaN,NaN,3
0.106641263,NaN,2,NaN
0.432520777,NaN,NaN,3
0.908921003,1,NaN,NaN
0.960043967,1,NaN,NaN
0.421680391,NaN,2,NaN
0.653122962,1,NaN,NaN
0.220476165,NaN,2,NaN
0.143501431,NaN,2,NaN
0.887116849,1,NaN,NaN
0.872855186,1,NaN,NaN
0.956047118,1,NaN,NaN
0.920934379,1,NaN,NaN
0.961456835,NaN,NaN,3
0.950175345,1,NaN,NaN
0.372296005,NaN,NaN,3
0.884222865,NaN,2,NaN
0.187820703,1,NaN,NaN
0.045664947,NaN,2,NaN
0.942619443,NaN,NaN,3
0.421680391,NaN,2,NaN
0.552348495,NaN,2,NaN
0.939510882,NaN,NaN,3
0.97224468,NaN,2,NaN
0.16566889,NaN,NaN,3
0.782198191,1,NaN,NaN
0.967306733,1,NaN,NaN
0.360975266,NaN,NaN,3
0.075678885,1,NaN,NaN
0.901114106,NaN,2,NaN
0.908921003,1,NaN,NaN
0.958634317,NaN,2,NaN
0.292960167,NaN,2,NaN
0.653122962,NaN,NaN,3
0.90139538,NaN,2,NaN
0.270306379,1,NaN,NaN
0.529078424,NaN,2,NaN
0.902898431,1,NaN,NaN
0.615120709,NaN,2,NaN
0.360975266,NaN,NaN,3
0.961456835,1,NaN,NaN
0.039964452,NaN,NaN,3
0.782198191,NaN,NaN,3
0.929427028,NaN,2,NaN
0.974135041,NaN,NaN,3
0.469052911,1,NaN,NaN
0.360975266,1,NaN,NaN
0.939510882,NaN,NaN,3
0.350022078,NaN,2,NaN
0.887038708,NaN,NaN,3
0.093461998,NaN,NaN,3
0.421680391,NaN,2,NaN
0.425917059,NaN,2,NaN
0.974135041,NaN,NaN,3
0.360975266,1,NaN,NaN
0.902898431,NaN,NaN,3
0.97224468,NaN,2,NaN
0.11435809,NaN,NaN,3
0.238480464,1,NaN,NaN
0.745712399,NaN,NaN,3
0.377538532,NaN,NaN,3
0.360975266,NaN,NaN,3
0.782198191,1,NaN,NaN
0.425917059,NaN,2,NaN
0.776861906,NaN,2,NaN
0.326537848,NaN,2,NaN
0.958061039,NaN,2,NaN
0.887116849,NaN,NaN,3
0.929427028,NaN,2,NaN
0.114036284,NaN,2,NaN
0.437888384,NaN,2,NaN
0.051143911,NaN,NaN,3
0.066100329,NaN,NaN,3
0.802586615,NaN,2,NaN
0.270218164,NaN,2,NaN
0.345757544,NaN,NaN,3
0.58532089,1,NaN,NaN
0.887116849,1,NaN,NaN
0.208941057,NaN,NaN,3
0.75164789,NaN,2,NaN
0.432520777,1,NaN,NaN
0.872855186,NaN,NaN,3
0.07517162,NaN,2,NaN
0.961456835,1,NaN,NaN
0.432520777,NaN,NaN,3
0.908921003,1,NaN,NaN
0.927201986,1,NaN,NaN
0.901114106,NaN,2,NaN
0.072332315,NaN,NaN,3
0.960043967,NaN,NaN,3
0.468889177,NaN,2,NaN
0.279691517,NaN,2,NaN
0.161187291,1,NaN,NaN
0.279691517,NaN,2,NaN
0.360975266,1,NaN,NaN
0.922532856,NaN,NaN,3
0.698932171,NaN,2,NaN
0.653122962,1,NaN,NaN
0.342936724,NaN,2,NaN
0.902898431,1,NaN,NaN
0.736887753,NaN,NaN,3
0.360975266,NaN,NaN,3
0.956047118,1,NaN,NaN
0.360975266,NaN,NaN,3
0.884222865,NaN,2,NaN
0.922532856,1,NaN,NaN
0.929427028,NaN,2,NaN
0.922359824,NaN,2,NaN
0.072332315,1,NaN,NaN
0.956047118,NaN,NaN,3
0.961456835,NaN,NaN,3
0.179596871,NaN,2,NaN
0.615120709,NaN,2,NaN
0.504775167,NaN,2,NaN
0.238480464,NaN,NaN,3
0.051143911,NaN,NaN,3
0.977680027,NaN,2,NaN
0.902898431,1,NaN,NaN
0.97224468,NaN,2,NaN
0.152980477,NaN,2,NaN
0.072332315,1,NaN,NaN
0.887116849,NaN,NaN,3
0.193325385,NaN,NaN,3
0.926077366,NaN,2,NaN
0.956047118,NaN,NaN,3
0.066100329,1,NaN,NaN
0.684221447,1,NaN,NaN
0.103124253,NaN,NaN,3
0.152980477,NaN,2,NaN
0.901114106,NaN,2,NaN
0.906378388,NaN,2,NaN
0.887116849,1,NaN,NaN
0.974135041,NaN,NaN,3
0.922532856,1,NaN,NaN
0.187820703,NaN,NaN,3
0.887038708,1,NaN,NaN
0.872855186,1,NaN,NaN
0.345757544,1,NaN,NaN
0.728957355,NaN,2,NaN
0.698932171,NaN,2,NaN
0.802586615,NaN,2,NaN
0.187820703,1,NaN,NaN
0.035249133,NaN,2,NaN
0.926077366,NaN,2,NaN
0.192576453,NaN,NaN,3
0.238480464,NaN,NaN,3
0.163293183,NaN,2,NaN
0.270306379,1,NaN,NaN
0.926077366,NaN,2,NaN
0.066100329,1,NaN,NaN
0.901114106,NaN,2,NaN
0.516749859,NaN,NaN,3
0.922532856,1,NaN,NaN
0.736887753,NaN,NaN,3
0.293639034,1,NaN,NaN
0.780891478,1,NaN,NaN
0.187820703,NaN,NaN,3
0.072332315,1,NaN,NaN
0.872855186,NaN,NaN,3
0.745668769,NaN,2,NaN
0.270306379,1,NaN,NaN
0.922359824,NaN,2,NaN
0.942619443,NaN,NaN,3
0.902898431,NaN,NaN,3
0.884222865,NaN,2,NaN
0.181121677,1,NaN,NaN
0.432520777,1,NaN,NaN
0.736887753,1,NaN,NaN
0.939510882,1,NaN,NaN
0.965466678,NaN,2,NaN
0.421680391,NaN,2,NaN
0.950175345,1,NaN,NaN
0.960043967,1,NaN,NaN
0.745668769,NaN,2,NaN
0.776861906,NaN,2,NaN
0.366598219,NaN,2,NaN
0.684221447,NaN,NaN,3
0.653122962,1,NaN,NaN
0.943148494,1,NaN,NaN
0.900302172,NaN,2,NaN
0.745668769,NaN,2,NaN
0.950175345,1,NaN,NaN
0.066100329,1,NaN,NaN
0.898122609,NaN,2,NaN
0.326537848,NaN,2,NaN
0.11435809,1,NaN,NaN
0.887038708,1,NaN,NaN
0.770404339,NaN,2,NaN
0.066100329,NaN,NaN,3
0.908921003,1,NaN,NaN
0.11435809,NaN,NaN,3
0.942619443,1,NaN,NaN
0.552348495,NaN,2,NaN
0.187820703,1,NaN,NaN
0.961456835,NaN,NaN,3
0.453091055,NaN,2,NaN
0.360975266,NaN,NaN,3
0.922532856,NaN,NaN,3
0.432520777,NaN,NaN,3
0.912432492,NaN,NaN,3
0.942619443,1,NaN,NaN
0.3144871,1,NaN,NaN
0.453091055,NaN,2,NaN
0.908921003,NaN,NaN,3
0.372296005,1,NaN,NaN
0.326537848,NaN,2,NaN
0.360975266,NaN,NaN,3
0.974135041,1,NaN,NaN
0.152980477,NaN,2,NaN
0.960043967,1,NaN,NaN
0.215993792,NaN,2,NaN
0.421680391,NaN,2,NaN
0.745668769,NaN,2,NaN
0.956047118,1,NaN,NaN
0.360975266,NaN,NaN,3
0.902898431,1,NaN,NaN
0.093461998,NaN,NaN,3
0.954391062,NaN,NaN,3
0.152980477,NaN,2,NaN
0.430757463,1,NaN,NaN
0.887038708,NaN,NaN,3
0.279691517,NaN,2,NaN
0.60237205,NaN,2,NaN
0.901114106,NaN,2,NaN
0.615120709,NaN,2,NaN
0.152980477,NaN,2,NaN
0.898122609,NaN,2,NaN
0.965940714,NaN,2,NaN
0.657598019,1,NaN,NaN
0.277855843,NaN,NaN,3
0.266558826,NaN,2,NaN
0.044717964,1,NaN,NaN
0.435305536,NaN,2,NaN
0.238480464,NaN,NaN,3
0.615120709,NaN,2,NaN
0.360975266,1,NaN,NaN
0.233354598,NaN,2,NaN
0.066100329,1,NaN,NaN
0.345757544,1,NaN,NaN
0.270306379,NaN,NaN,3
0.922359824,NaN,2,NaN
0.872855186,NaN,NaN,3
0.360975266,1,NaN,NaN
0.093461998,1,NaN,NaN
0.956047118,NaN,NaN,3
0.58532089,1,NaN,NaN
0.956047118,NaN,NaN,3
0.908921003,NaN,NaN,3
0.908921003,NaN,NaN,3
0.745668769,NaN,2,NaN
0.847554326,1,NaN,NaN
0.066100329,NaN,NaN,3
0.887038708,NaN,NaN,3
0.270306379,1,NaN,NaN
0.961456835,1,NaN,NaN
0.607900083,NaN,2,NaN
0.3144871,NaN,NaN,3
0.360975266,NaN,NaN,3
0.950175345,1,NaN,NaN
0.653122962,1,NaN,NaN
0.093461998,NaN,NaN,3
0.152980477,NaN,2,NaN
0.934607327,NaN,NaN,3
0.345757544,1,NaN,NaN
0.745668769,NaN,2,NaN
0.270306379,NaN,NaN,3
0.745668769,NaN,2,NaN
0.884222865,NaN,2,NaN
0.920759022,NaN,2,NaN
0.432520777,1,NaN,NaN
0.908921003,NaN,NaN,3
0.908921003,NaN,NaN,3
0.161346883,NaN,NaN,3
0.977680027,NaN,2,NaN
0.634545922,NaN,NaN,3
0.974135041,NaN,NaN,3
0.293639034,NaN,NaN,3
0.956047118,1,NaN,NaN
0.181121677,1,NaN,NaN
0.961497486,NaN,2,NaN
0.11435809,1,NaN,NaN
0.974135041,1,NaN,NaN
0.973990798,NaN,2,NaN
0.736887753,1,NaN,NaN
0.736887753,NaN,NaN,3
0.051143911,1,NaN,NaN
0.960036933,NaN,2,NaN
0.270306379,NaN,NaN,3
0.58532089,1,NaN,NaN
0.270306379,1,NaN,NaN
0.238480464,NaN,NaN,3
0.144040033,1,NaN,NaN
0.653122962,1,NaN,NaN
0.072332315,NaN,NaN,3
0.360975266,NaN,NaN,3
0.908921003,1,NaN,NaN
0.072332315,1,NaN,NaN
0.372296005,NaN,NaN,3
0.411501288,1,NaN,NaN
0.596462667,NaN,2,NaN
0.939510882,NaN,NaN,3
0.653122962,NaN,NaN,3
0.11435809,NaN,NaN,3
0.093461998,NaN,NaN,3
0.432520777,1,NaN,NaN
0.653122962,NaN,NaN,3
0.345757544,NaN,NaN,3
0.106641263,NaN,2,NaN
0.922359824,NaN,2,NaN
0.942619443,1,NaN,NaN
0.138889283,1,NaN,NaN
0.093461998,NaN,NaN,3
0.749203205,1,NaN,NaN
0.908921003,1,NaN,NaN
0.884222865,NaN,2,NaN
0.238480464,1,NaN,NaN
0.872855186,NaN,NaN,3
0.58532089,NaN,NaN,3
0.974135041,1,NaN,NaN
0.093461998,1,NaN,NaN
0.270306379,1,NaN,NaN
0.270306379,NaN,NaN,3
0.939510882,1,NaN,NaN
0.782198191,1,NaN,NaN
0.106641263,NaN,2,NaN
0.603286505,NaN,NaN,3
0.939510882,NaN,NaN,3
0.239710376,1,NaN,NaN
0.942619443,NaN,NaN,3
0.908921003,NaN,NaN,3
0.872855186,1,NaN,NaN
0.516749859,1,NaN,NaN
0.853467882,NaN,2,NaN
0.360975266,NaN,NaN,3
0.238480464,NaN,NaN,3
0.974135041,1,NaN,NaN
0.346606702,1,NaN,NaN
0.960036933,NaN,2,NaN
0.106641263,NaN,2,NaN
0.615120709,NaN,2,NaN
0.942619443,1,NaN,NaN
0.956047118,1,NaN,NaN
0.114036284,NaN,2,NaN
0.887116849,NaN,NaN,3
0.187820703,NaN,NaN,3
0.552348495,NaN,2,NaN
0.072332315,NaN,NaN,3
0.372296005,1,NaN,NaN
0.544042706,NaN,2,NaN
0.960043967,1,NaN,NaN
0.372296005,NaN,NaN,3
0.316559851,NaN,2,NaN
0.890859842,1,NaN,NaN
0.106641263,NaN,2,NaN
0.926077366,NaN,2,NaN
0.974135041,1,NaN,NaN
0.653122962,1,NaN,NaN
0.887116849,NaN,NaN,3
0.187820703,1,NaN,NaN
0.920026064,NaN,2,NaN
0.927201986,NaN,NaN,3
0.220476165,NaN,2,NaN
0.270306379,NaN,NaN,3
0.117548816,NaN,NaN,3
0.950175345,1,NaN,NaN
0.066100329,1,NaN,NaN
0.11435809,NaN,NaN,3
0.106641263,NaN,2,NaN
0.345757544,1,NaN,NaN
0.956047118,1,NaN,NaN
0.653122962,1,NaN,NaN
0.421680391,NaN,2,NaN
0.152980477,NaN,2,NaN
0.950175345,NaN,NaN,3
0.372296005,NaN,NaN,3
0.776861906,NaN,2,NaN
0.956047118,NaN,NaN,3
0.922532856,NaN,NaN,3
0.974135041,NaN,NaN,3
0.053965133,1,NaN,NaN
0.965466678,NaN,2,NaN
0.640124381,NaN,2,NaN
0.615120709,NaN,2,NaN
0.653122962,1,NaN,NaN
0.973990798,NaN,2,NaN
0.234129354,NaN,NaN,3
0.360975266,1,NaN,NaN
0.093461998,1,NaN,NaN
0.653122962,NaN,NaN,3
0.974135041,1,NaN,NaN
0.421680391,NaN,2,NaN
0.807709873,NaN,NaN,3
0.872855186,NaN,NaN,3
0.326537848,NaN,2,NaN
0.776861906,NaN,2,NaN
0.220476165,NaN,2,NaN
0.345757544,1,NaN,NaN
0.220476165,NaN,2,NaN
0.922532856,NaN,NaN,3
0.58532089,1,NaN,NaN
0.072332315,1,NaN,NaN
0.072332315,NaN,NaN,3
0.939510882,NaN,NaN,3
0.926077366,NaN,2,NaN
0.293639034,NaN,NaN,3
0.942619443,NaN,NaN,3
0.234392062,NaN,NaN,3
0.541751981,NaN,2,NaN
0.902898431,NaN,NaN,3
0.051143911,1,NaN,NaN
0.615120709,NaN,2,NaN
0.246873155,NaN,NaN,3
0.129112467,1,NaN,NaN
0.372296005,NaN,NaN,3
0.698932171,NaN,2,NaN
0.849298835,1,NaN,NaN
0.922359824,NaN,2,NaN
0.964219332,1,NaN,NaN
0.316559851,NaN,2,NaN
0.316559851,NaN,2,NaN
0.745668769,NaN,2,NaN
0.066100329,1,NaN,NaN
0.653122962,1,NaN,NaN
0.616854548,1,NaN,NaN
0.974135041,NaN,NaN,3
0.749203205,NaN,NaN,3
0.326537848,NaN,2,NaN
0.949305475,1,NaN,NaN
0.106641263,NaN,2,NaN
0.973990798,NaN,2,NaN
0.974135041,1,NaN,NaN
0.220476165,NaN,2,NaN
0.679755628,1,NaN,NaN
0.97224468,NaN,2,NaN
0.908921003,NaN,NaN,3
0.187820703,1,NaN,NaN
0.488559842,NaN,NaN,3
0.316559851,NaN,2,NaN
0.33357498,1,NaN,NaN
0.163293183,NaN,2,NaN
0.345757544,NaN,NaN,3
0.279691517,NaN,2,NaN
0.960036933,NaN,2,NaN
0.922692776,NaN,NaN,3
0.326537848,NaN,2,NaN
0.956047118,NaN,NaN,3
0.950175345,NaN,NaN,3
0.902898431,NaN,NaN,3
0.745712399,1,NaN,NaN
0.114036284,NaN,2,NaN
0.929427028,NaN,2,NaN
0.072332315,1,NaN,NaN
0.887116849,NaN,NaN,3
0.374616206,NaN,2,NaN
0.106641263,NaN,2,NaN
0.11435809,1,NaN,NaN
0.051143911,NaN,NaN,3
0.552348495,NaN,2,NaN
0.285503805,NaN,2,NaN
0.876429677,NaN,2,NaN
0.961456835,1,NaN,NaN
0.950175345,NaN,NaN,3
0.432520777,1,NaN,NaN
0.051143911,1,NaN,NaN
0.939510882,NaN,NaN,3
0.908921003,NaN,NaN,3
0.259231389,NaN,NaN,3
0.690275788,1,NaN,NaN
0.96883285,NaN,2,NaN
0.453091055,NaN,2,NaN
0.181121677,1,NaN,NaN
0.066100329,1,NaN,NaN
0.209053218,NaN,NaN,3
0.965466678,NaN,2,NaN
0.238480464,1,NaN,NaN
0.922532856,NaN,NaN,3
0.425917059,NaN,2,NaN
0.187820703,1,NaN,NaN
0.063372299,NaN,2,NaN
0.959729314,NaN,2,NaN
0.922532856,NaN,NaN,3
0.114036284,NaN,2,NaN
0.293639034,NaN,NaN,3
0.908921003,NaN,NaN,3
0.067926802,NaN,2,NaN
0.372296005,1,NaN,NaN
0.872855186,NaN,NaN,3
0.316559851,NaN,2,NaN
0.11435809,1,NaN,NaN
0.745668769,NaN,2,NaN
0.270306379,NaN,NaN,3
0.974135041,1,NaN,NaN
0.072332315,NaN,NaN,3
0.187820703,NaN,NaN,3
0.965940714,NaN,2,NaN
0.046291441,NaN,NaN,3
0.044480793,NaN,NaN,3
0.552348495,NaN,2,NaN
0.973990798,NaN,2,NaN
0.460958451,NaN,NaN,3
0.745668769,NaN,2,NaN
0.051143911,NaN,NaN,3
0.316559851,NaN,2,NaN
0.181121677,NaN,NaN,3
0.452409834,NaN,NaN,3
0.607900083,NaN,2,NaN
0.763069272,NaN,2,NaN
0.181121677,NaN,NaN,3
0.942619443,NaN,NaN,3
0.270306379,1,NaN,NaN
0.922532856,1,NaN,NaN
0.782198191,1,NaN,NaN
0.754546404,1,NaN,NaN
0.187820703,1,NaN,NaN
0.360975266,NaN,NaN,3
0.279691517,NaN,2,NaN
0.345757544,1,NaN,NaN
0.956047118,1,NaN,NaN
0.360975266,1,NaN,NaN
0.432520777,1,NaN,NaN
0.051143911,1,NaN,NaN
0.973990798,NaN,2,NaN
0.124111332,NaN,2,NaN
0.736887753,NaN,NaN,3
0.745668769,NaN,2,NaN
0.939510882,1,NaN,NaN
0.432520777,NaN,NaN,3
0.97224468,NaN,2,NaN
0.782198191,1,NaN,NaN
0.372296005,NaN,NaN,3
0.607900083,NaN,2,NaN
0.11435809,NaN,NaN,3
0.745668769,NaN,2,NaN
0.929375052,NaN,NaN,3
0.969425678,NaN,2,NaN
0.939510882,1,NaN,NaN
0.887038708,NaN,NaN,3
0.977680027,NaN,2,NaN
0.270306379,1,NaN,NaN
0.950175345,NaN,NaN,3
0.939510882,NaN,NaN,3
0.084676288,NaN,2,NaN
0.802586615,NaN,2,NaN
0.360975266,1,NaN,NaN
0.141974092,1,NaN,NaN
0.192685738,NaN,2,NaN
0.163293183,NaN,2,NaN
0.360975266,1,NaN,NaN
0.974135041,NaN,NaN,3
0.293639034,1,NaN,NaN
0.745668769,NaN,2,NaN
0.974135041,NaN,NaN,3
0.901114106,NaN,2,NaN
0.220476165,NaN,2,NaN
0.901114106,NaN,2,NaN
0.41264233,1,NaN,NaN
0.432520777,1,NaN,NaN
0.360975266,1,NaN,NaN
0.316559851,NaN,2,NaN
0.130692825,NaN,NaN,3
0.926077366,NaN,2,NaN
0.956047118,NaN,NaN,3
0.882790387,1,NaN,NaN
0.887038708,NaN,NaN,3
0.942619443,NaN,NaN,3
0.782198191,NaN,NaN,3
0.950175345,NaN,NaN,3
0.950175345,NaN,NaN,3
0.729465306,NaN,NaN,3
0.896190822,NaN,NaN,3
0.395980448,NaN,NaN,3
0.887038708,NaN,NaN,3
0.238480464,NaN,NaN,3
0.152185649,NaN,NaN,3
0.745668769,NaN,2,NaN
0.181121677,NaN,NaN,3
0.2761558,NaN,2,NaN
0.607900083,NaN,2,NaN
0.076596536,NaN,NaN,3
0.607900083,NaN,2,NaN
0.698932171,NaN,2,NaN
0.965466678,NaN,2,NaN
0.169741526,NaN,NaN,3
0.653122962,NaN,NaN,3
0.872855186,1,NaN,NaN
0.922532856,NaN,NaN,3
0.086401381,NaN,2,NaN
0.114036284,NaN,2,NaN
0.965466678,NaN,2,NaN
0.800483108,NaN,2,NaN
0.432520777,NaN,NaN,3
0.884222865,NaN,2,NaN
0.11435809,NaN,NaN,3
0.776861906,NaN,2,NaN
0.372296005,NaN,NaN,3
0.293639034,1,NaN,NaN
0.887116849,NaN,NaN,3
0.973990798,NaN,2,NaN
0.479723394,NaN,2,NaN
0.939510882,NaN,NaN,3
0.316559851,NaN,2,NaN
0.372296005,NaN,NaN,3
0.974135041,NaN,NaN,3
0.850866556,NaN,NaN,3
0.965940714,NaN,2,NaN
0.961425185,1,NaN,NaN
0.419250101,NaN,2,NaN
0.802586615,NaN,2,NaN
0.279691517,NaN,2,NaN
0.782198191,NaN,NaN,3
0.051143911,NaN,NaN,3
0.965940714,NaN,2,NaN
0.960043967,1,NaN,NaN
0.922532856,1,NaN,NaN
0.887116849,NaN,NaN,3
0.976437628,NaN,2,NaN
0.698932171,NaN,2,NaN
0.607900083,NaN,2,NaN
0.552348495,NaN,2,NaN
0.066100329,NaN,NaN,3
0.181121677,NaN,NaN,3
0.066100329,NaN,NaN,3
0.807037532,NaN,NaN,3
0.956047118,NaN,NaN,3
0.942619443,NaN,NaN,3
0.719505847,NaN,2,NaN
0.453091055,NaN,2,NaN
0.051143911,NaN,NaN,3
0.898122609,NaN,2,NaN
0.960043967,1,NaN,NaN
0.942619443,NaN,NaN,3
0.58532089,NaN,NaN,3
0.950175345,1,NaN,NaN
0.112010412,NaN,NaN,3
0.11435809,1,NaN,NaN
0.181121677,NaN,NaN,3
0.969425678,NaN,2,NaN
0.066100329,1,NaN,NaN
0.072332315,NaN,NaN,3
0.926077366,NaN,2,NaN
0.939510882,NaN,NaN,3
0.187820703,NaN,NaN,3
0.360975266,1,NaN,NaN
0.942619443,1,NaN,NaN
0.887038708,1,NaN,NaN
0.607900083,NaN,2,NaN
0.051143911,1,NaN,NaN
0.072332315,NaN,NaN,3
0.776861906,NaN,2,NaN
0.698932171,NaN,2,NaN
0.093461998,1,NaN,NaN
0.432520777,1,NaN,NaN
0.974135041,NaN,NaN,3
0.973990798,NaN,2,NaN
0.960043967,NaN,NaN,3
0.58532089,1,NaN,NaN
0.58532089,NaN,NaN,3
0.181121677,1,NaN,NaN
0.977680027,NaN,2,NaN
0.27358368,1,NaN,NaN
0.653122962,NaN,NaN,3
0.11435809,NaN,NaN,3
0.929427028,NaN,2,NaN
0.653122962,NaN,NaN,3
0.872855186,NaN,NaN,3
0.969425678,NaN,2,NaN
0.181121677,1,NaN,NaN
0.58532089,NaN,NaN,3
0.653122962,1,NaN,NaN
0.859167039,NaN,2,NaN
0.968584955,1,NaN,NaN
0.939510882,NaN,NaN,3
0.974135041,1,NaN,NaN
0.961456835,NaN,NaN,3
0.96051085,1,NaN,NaN
0.396842837,1,NaN,NaN
0.631105423,NaN,2,NaN
0.922532856,NaN,NaN,3
0.425917059,NaN,2,NaN
0.942619443,1,NaN,NaN
0.926077366,NaN,2,NaN
0.139141947,NaN,NaN,3
0.943564653,NaN,2,NaN
0.360975266,NaN,NaN,3
0.316559851,NaN,2,NaN
0.97224468,NaN,2,NaN
0.908921003,1,NaN,NaN
0.961456835,NaN,NaN,3
0.802586615,NaN,2,NaN
0.802586615,NaN,2,NaN
0.066100329,NaN,NaN,3
0.11435809,NaN,NaN,3
0.078291759,NaN,2,NaN
0.895130694,1,NaN,NaN
0.960043967,1,NaN,NaN
0.961456835,NaN,NaN,3
0.277855843,1,NaN,NaN
0.072332315,1,NaN,NaN
0.432520777,1,NaN,NaN
0.238480464,1,NaN,NaN
0.432520777,1,NaN,NaN
0.430757463,NaN,NaN,3
0.106641263,NaN,2,NaN
0.965466678,NaN,2,NaN
0.736887753,1,NaN,NaN
0.799744546,1,NaN,NaN
0.300191909,NaN,2,NaN
0.094757773,NaN,NaN,3
0.306318969,NaN,2,NaN
0.969425678,NaN,2,NaN
0.965940714,NaN,2,NaN
0.051143911,1,NaN,NaN
0.564837396,NaN,NaN,3
0.736887753,NaN,NaN,3
0.211916775,NaN,2,NaN
0.360975266,NaN,NaN,3
0.360975266,1,NaN,NaN
0.939510882,1,NaN,NaN
0.961456835,1,NaN,NaN
0.908921003,1,NaN,NaN
0.950175345,1,NaN,NaN
0.081029996,NaN,2,NaN
0.950175345,NaN,NaN,3
0.950175345,NaN,NaN,3
0.106592238,NaN,NaN,3
0.11435809,1,NaN,NaN
0.453091055,NaN,2,NaN
0.782198191,1,NaN,NaN
0.872855186,1,NaN,NaN
0.119810008,NaN,NaN,3
0.360975266,NaN,NaN,3
0.745668769,NaN,2,NaN
0.960043967,NaN,NaN,3
0.337609708,1,NaN,NaN
0.922532856,NaN,NaN,3
0.293639034,1,NaN,NaN
0.939510882,NaN,NaN,3
0.172727987,NaN,NaN,3
0.961456835,1,NaN,NaN
0.898122609,NaN,2,NaN
0.960036933,NaN,2,NaN
0.119810008,1,NaN,NaN
0.960036933,NaN,2,NaN
0.887038708,1,NaN,NaN
0.97224468,NaN,2,NaN
0.239710376,NaN,NaN,3
0.745668769,NaN,2,NaN
0.114036284,NaN,2,NaN
0.956047118,NaN,NaN,3
0.872855186,NaN,NaN,3
0.916840792,NaN,2,NaN
0.181121677,1,NaN,NaN
0.425917059,NaN,2,NaN
0.908921003,NaN,NaN,3
0.872855186,NaN,NaN,3
0.902898431,1,NaN,NaN
0.051143911,1,NaN,NaN
0.965466678,NaN,2,NaN
0.965466678,NaN,2,NaN
0.360975266,1,NaN,NaN
0.957979739,NaN,2,NaN
0.345757544,1,NaN,NaN
0.736887753,1,NaN,NaN
0.950175345,1,NaN,NaN
0.960043967,1,NaN,NaN
0.187820703,1,NaN,NaN
0.244852215,NaN,NaN,3
0.956047118,1,NaN,NaN
0.286421031,NaN,2,NaN
0.117548816,1,NaN,NaN
0.326537848,NaN,2,NaN
0.745668769,NaN,2,NaN
0.372296005,NaN,NaN,3
0.072332315,1,NaN,NaN
0.432520777,NaN,NaN,3
0.965940714,NaN,2,NaN
0.345757544,1,NaN,NaN
0.977680027,NaN,2,NaN
0.552348495,NaN,2,NaN
0.075678885,NaN,NaN,3
0.959820092,NaN,2,NaN
0.922532856,1,NaN,NaN
0.951844871,NaN,2,NaN
0.698932171,NaN,2,NaN
0.960036933,NaN,2,NaN
0.900929034,NaN,NaN,3
0.922359824,NaN,2,NaN
0.093461998,1,NaN,NaN
0.942619443,NaN,NaN,3
0.736887753,NaN,NaN,3
0.926077366,NaN,2,NaN
0.051143911,1,NaN,NaN
0.887038708,NaN,NaN,3
0.279691517,NaN,2,NaN
0.977680027,NaN,2,NaN
0.922359824,NaN,2,NaN
0.965466678,NaN,2,NaN
0.922359824,NaN,2,NaN
0.093461998,1,NaN,NaN
0.053965133,NaN,NaN,3
0.960043967,NaN,NaN,3
0.969425678,NaN,2,NaN
0.969425678,NaN,2,NaN
0.960036933,NaN,2,NaN
0.360975266,1,NaN,NaN
0.093461998,NaN,NaN,3
0.066100329,1,NaN,NaN
0.840206027,1,NaN,NaN
0.939221919,1,NaN,NaN
0.939510882,1,NaN,NaN
0.565091789,NaN,2,NaN
0.902898431,NaN,NaN,3
0.939510882,1,NaN,NaN
0.360975266,1,NaN,NaN
0.900729597,NaN,NaN,3
0.326537848,NaN,2,NaN
0.969425678,NaN,2,NaN
0.051143911,1,NaN,NaN
0.849298835,NaN,NaN,3
0.950175345,NaN,NaN,3
0.072332315,NaN,NaN,3
0.974135041,NaN,NaN,3
0.607900083,NaN,2,NaN
0.452409834,1,NaN,NaN
0.58532089,NaN,NaN,3
0.552348495,NaN,2,NaN
0.360975266,NaN,NaN,3
0.270306379,NaN,NaN,3
0.326537848,NaN,2,NaN
0.238480464,NaN,NaN,3
0.973086476,NaN,2,NaN
0.977680027,NaN,2,NaN
0.238480464,1,NaN,NaN
0.922532856,1,NaN,NaN
0.736887753,NaN,NaN,3
0.432520777,NaN,NaN,3
0.093461998,NaN,NaN,3
0.776861906,NaN,2,NaN
0.114036284,NaN,2,NaN
0.187820703,1,NaN,NaN
0.051143911,NaN,NaN,3
0.901114106,NaN,2,NaN
0.698932171,NaN,2,NaN
0.654047489,NaN,NaN,3
0.615120709,NaN,2,NaN
0.279691517,NaN,2,NaN
0.270306379,NaN,NaN,3
0.238480464,1,NaN,NaN
0.066100329,1,NaN,NaN
0.902898431,1,NaN,NaN
0.58532089,NaN,NaN,3
0.894730568,NaN,NaN,3
0.114036284,NaN,2,NaN
0.432520777,NaN,NaN,3
0.163293183,NaN,2,NaN
0.802586615,NaN,2,NaN
0.375811279,NaN,NaN,3
0.345757544,1,NaN,NaN
0.372296005,1,NaN,NaN
0.782198191,NaN,NaN,3
0.745668769,NaN,2,NaN
0.960043967,NaN,NaN,3
0.960036933,NaN,2,NaN
0.762353837,1,NaN,NaN
0.58532089,NaN,NaN,3
0.902898431,NaN,NaN,3
0.051143911,NaN,NaN,3
0.887038708,NaN,NaN,3
0.163293183,NaN,2,NaN
0.279691517,NaN,2,NaN
0.951959193,NaN,NaN,3
0.051143911,NaN,NaN,3
0.690275788,NaN,NaN,3
0.939510882,NaN,NaN,3
0.653122962,1,NaN,NaN
0.181121677,NaN,NaN,3
0.11435809,1,NaN,NaN
0.887116849,NaN,NaN,3
0.393586546,NaN,NaN,3
0.615120709,NaN,2,NaN
0.782198191,1,NaN,NaN
0.973990798,NaN,2,NaN
0.745668769,NaN,2,NaN
0.453091055,NaN,2,NaN
0.884222865,NaN,2,NaN
0.736887753,NaN,NaN,3
0.653122962,1,NaN,NaN
0.114036284,NaN,2,NaN
0.345757544,NaN,NaN,3
0.922532856,NaN,NaN,3
0.969425678,NaN,2,NaN
0.425917059,NaN,2,NaN
0.293639034,1,NaN,NaN
0.912206173,NaN,2,NaN
0.066100329,NaN,NaN,3
0.908921003,NaN,NaN,3
0.836268425,NaN,NaN,3
0.745668769,NaN,2,NaN
0.372296005,1,NaN,NaN
0.653122962,NaN,NaN,3
0.58532089,1,NaN,NaN
0.956047118,1,NaN,NaN
0.326537848,NaN,2,NaN
0.326537848,NaN,2,NaN
0.965940714,NaN,2,NaN
0.977680027,NaN,2,NaN
0.782198191,NaN,NaN,3
0.11435809,NaN,NaN,3
0.884222865,NaN,2,NaN
0.345757544,NaN,NaN,3
0.901685834,NaN,NaN,3
0.221039295,NaN,2,NaN
0.425917059,NaN,2,NaN
0.161346883,1,NaN,NaN
0.151176706,NaN,NaN,3
0.432520777,1,NaN,NaN
0.49718684,NaN,NaN,3
0.729025662,NaN,2,NaN
0.72041446,NaN,NaN,3
0.922359824,NaN,2,NaN
0.377538532,1,NaN,NaN
0.887116849,NaN,NaN,3
0.372296005,1,NaN,NaN
0.884222865,NaN,2,NaN
0.977680027,NaN,2,NaN
0.238480464,1,NaN,NaN
0.887116849,1,NaN,NaN
0.270306379,1,NaN,NaN
0.187820703,NaN,NaN,3
0.326537848,NaN,2,NaN
0.092917405,NaN,NaN,3
0.34199217,NaN,2,NaN
0.432520777,1,NaN,NaN
0.890181184,NaN,2,NaN
0.745668769,NaN,2,NaN
0.051143911,1,NaN,NaN
0.051143911,NaN,NaN,3
0.281449258,NaN,NaN,3
0.072332315,NaN,NaN,3
0.942619443,1,NaN,NaN
0.316559851,NaN,2,NaN
0.162078604,1,NaN,NaN
0.293639034,1,NaN,NaN
0.950175345,1,NaN,NaN
0.884222865,NaN,2,NaN
0.293639034,NaN,NaN,3
0.782198191,NaN,NaN,3
0.961456835,1,NaN,NaN
0.360975266,NaN,NaN,3
0.894730568,1,NaN,NaN
0.20552285,NaN,NaN,3
0.97224468,NaN,2,NaN
0.908921003,1,NaN,NaN
0.098047607,NaN,2,NaN
0.653122962,1,NaN,NaN
0.11435809,1,NaN,NaN
0.552348495,NaN,2,NaN
0.782198191,NaN,NaN,3
0.270306379,1,NaN,NaN
0.187820703,NaN,NaN,3
0.898122609,NaN,2,NaN
0.872855186,1,NaN,NaN
0.549619436,NaN,2,NaN
0.942619443,1,NaN,NaN
0.961456835,NaN,NaN,3
0.922532856,1,NaN,NaN
0.051143911,NaN,NaN,3
0.965466678,NaN,2,NaN
0.114036284,NaN,2,NaN
0.956047118,1,NaN,NaN
0.960043967,NaN,NaN,3
0.961456835,1,NaN,NaN
0.922359824,NaN,2,NaN
0.653122962,1,NaN,NaN
0.11435809,1,NaN,NaN
0.816929281,NaN,2,NaN
0.178561866,1,NaN,NaN
0.61079067,1,NaN,NaN
0.782198191,1,NaN,NaN
0.360975266,NaN,NaN,3
0.293639034,NaN,NaN,3
0.782198191,1,NaN,NaN
0.782198191,NaN,NaN,3
0.974135041,NaN,NaN,3
0.654047489,1,NaN,NaN
0.929427028,NaN,2,NaN
0.653122962,NaN,NaN,3
0.929427028,NaN,2,NaN
0.736887753,1,NaN,NaN
0.238480464,NaN,NaN,3
0.258479685,1,NaN,NaN
0.326537848,NaN,2,NaN
0.051143911,1,NaN,NaN
0.974135041,1,NaN,NaN
0.615120709,NaN,2,NaN
0.911467373,NaN,2,NaN
0.066100329,NaN,NaN,3
0.974135041,NaN,NaN,3
0.187820703,1,NaN,NaN
0.240139246,NaN,NaN,3
0.964303374,NaN,NaN,3
0.887116849,1,NaN,NaN
0.922532856,1,NaN,NaN
0.763451755,NaN,2,NaN
0.736887753,NaN,NaN,3
0.187820703,1,NaN,NaN
0.902898431,NaN,NaN,3
0.973990798,NaN,2,NaN
0.372296005,1,NaN,NaN
0.939510882,1,NaN,NaN
0.96546638,NaN,2,NaN
0.959914446,NaN,NaN,3
0.360975266,1,NaN,NaN
0.238480464,1,NaN,NaN
0.951641321,1,NaN,NaN
0.887038708,NaN,NaN,3
0.977680027,NaN,2,NaN
0.051143911,1,NaN,NaN
0.782198191,1,NaN,NaN
0.116066873,1,NaN,NaN
0.950175345,NaN,NaN,3
0.238480464,1,NaN,NaN
0.960036933,NaN,2,NaN
0.90719676,1,NaN,NaN
0.051143911,NaN,NaN,3
0.745668769,NaN,2,NaN
0.607900083,NaN,2,NaN
0.181121677,1,NaN,NaN
0.360975266,1,NaN,NaN
0.960043967,NaN,NaN,3
0.072332315,1,NaN,NaN
0.360975266,NaN,NaN,3
0.270306379,NaN,NaN,3
0.907383382,1,NaN,NaN
0.066100329,NaN,NaN,3
0.908921003,1,NaN,NaN
0.345757544,NaN,NaN,3
0.97224468,NaN,2,NaN
0.929427028,NaN,2,NaN
0.913907409,NaN,NaN,3
0.922532856,1,NaN,NaN
0.454376757,NaN,NaN,3
0.187820703,1,NaN,NaN
0.453091055,NaN,2,NaN
0.898122609,NaN,2,NaN
0.163293183,NaN,2,NaN
0.736887753,NaN,NaN,3
0.776861906,NaN,2,NaN
0.345757544,NaN,NaN,3
0.163293183,NaN,2,NaN
0.97224468,NaN,2,NaN
0.884222865,NaN,2,NaN
0.902898431,1,NaN,NaN
0.453091055,NaN,2,NaN
0.973990798,NaN,2,NaN
0.114036284,NaN,2,NaN
0.615120709,NaN,2,NaN
0.91191864,NaN,2,NaN
0.920223475,1,NaN,NaN
0.270306379,NaN,NaN,3
0.072332315,1,NaN,NaN
0.948636532,NaN,2,NaN
0.969425678,NaN,2,NaN
0.872855186,1,NaN,NaN
0.238480464,1,NaN,NaN
0.965466678,NaN,2,NaN
0.872855186,NaN,NaN,3
0.293639034,1,NaN,NaN
0.270306379,NaN,NaN,3
0.279691517,NaN,2,NaN
0.745668769,NaN,2,NaN
0.902898431,1,NaN,NaN
0.453091055,NaN,2,NaN
0.345757544,1,NaN,NaN
0.072332315,NaN,NaN,3
0.971079469,NaN,2,NaN
0.152980477,NaN,2,NaN
0.107628815,NaN,NaN,3
0.974135041,1,NaN,NaN
0.279691517,NaN,2,NaN
0.887116849,NaN,NaN,3
0.950175345,NaN,NaN,3
0.960043967,1,NaN,NaN
0.939510882,1,NaN,NaN
0.08331427,1,NaN,NaN
0.921278656,1,NaN,NaN
0.293639034,NaN,NaN,3
0.965940714,NaN,2,NaN
0.965940714,NaN,2,NaN
0.863179922,NaN,NaN,3
0.950175345,1,NaN,NaN
0.926077366,NaN,2,NaN
0.58532089,NaN,NaN,3
0.3314915,NaN,NaN,3
0.093461998,1,NaN,NaN
0.279691517,NaN,2,NaN
0.887116849,1,NaN,NaN
0.066100329,NaN,NaN,3
0.887038708,NaN,NaN,3
0.432520777,1,NaN,NaN
0.142560259,NaN,2,NaN
0.912243962,1,NaN,NaN
0.293639034,1,NaN,NaN
0.745668769,NaN,2,NaN
0.969425678,NaN,2,NaN
0.11435809,NaN,NaN,3
0.887116849,1,NaN,NaN
0.950175345,NaN,NaN,3
0.926077366,NaN,2,NaN
0.11435809,NaN,NaN,3
0.187820703,NaN,NaN,3
0.960043967,NaN,NaN,3
0.802586615,NaN,2,NaN
0.326537848,NaN,2,NaN
0.293639034,NaN,NaN,3
0.308762878,NaN,2,NaN
0.607900083,NaN,2,NaN
0.887038708,1,NaN,NaN
0.950175345,NaN,NaN,3
0.259231389,1,NaN,NaN
0.887038708,1,NaN,NaN
0.421680391,NaN,2,NaN
0.187820703,NaN,NaN,3
0.028540198,NaN,NaN,3
0.360975266,NaN,NaN,3
0.958608031,NaN,2,NaN
0.293639034,1,NaN,NaN
0.653122962,1,NaN,NaN
0.293639034,NaN,NaN,3
0.238480464,NaN,NaN,3
0.11435809,1,NaN,NaN
0.926077366,NaN,2,NaN
0.025225265,NaN,NaN,3
0.950175345,1,NaN,NaN
0.293639034,NaN,NaN,3
0.960043967,1,NaN,NaN
0.961456835,1,NaN,NaN
0.887038708,1,NaN,NaN
0.270306379,NaN,NaN,3
0.961456835,NaN,NaN,3
0.942619443,1,NaN,NaN
0.891265333,1,NaN,NaN
0.072332315,1,NaN,NaN
0.552348495,NaN,2,NaN
0.293639034,1,NaN,NaN
0.187820703,NaN,NaN,3
0.214124158,1,NaN,NaN
0.072332315,NaN,NaN,3
0.942619443,NaN,NaN,3
0.698932171,NaN,2,NaN
0.11435809,NaN,NaN,3
0.58532089,NaN,NaN,3
0.148929998,NaN,NaN,3
0.425917059,NaN,2,NaN
0.895015776,NaN,2,NaN
0.960036933,NaN,2,NaN
0.872855186,NaN,NaN,3
0.906686366,NaN,2,NaN
0.745668769,NaN,2,NaN
0.042712685,NaN,NaN,3
0.872855186,NaN,NaN,3
0.950175345,NaN,NaN,3
0.965466678,NaN,2,NaN
0.106641263,NaN,2,NaN
0.902898431,1,NaN,NaN
0.093461998,1,NaN,NaN
0.931010544,1,NaN,NaN
0.293639034,NaN,NaN,3
0.961456835,NaN,NaN,3
0.593361676,1,NaN,NaN
0.974135041,NaN,NaN,3
0.293639034,1,NaN,NaN
0.360975266,1,NaN,NaN
0.615120709,NaN,2,NaN
0.421680391,NaN,2,NaN
0.130003452,1,NaN,NaN
0.564798176,NaN,2,NaN
0.736887753,1,NaN,NaN
0.745668769,NaN,2,NaN
0.782198191,NaN,NaN,3
0.901114106,NaN,2,NaN
0.967306733,NaN,NaN,3
0.802586615,NaN,2,NaN
0.326537848,NaN,2,NaN
0.908921003,NaN,NaN,3
0.903312027,NaN,NaN,3
0.607900083,NaN,2,NaN
0.240139246,1,NaN,NaN
0.817091048,NaN,2,NaN
0.802586615,NaN,2,NaN
0.114271387,NaN,NaN,3
0.970656753,NaN,2,NaN
0.051143911,NaN,NaN,3
0.425917059,NaN,2,NaN
0.954391062,1,NaN,NaN
0.969425678,NaN,2,NaN
0.926077366,NaN,2,NaN
0.152980477,NaN,2,NaN
0.653122962,NaN,NaN,3
0.939510882,1,NaN,NaN
0.270306379,NaN,NaN,3
0.949953079,NaN,NaN,3
0.902898431,1,NaN,NaN
0.698932171,NaN,2,NaN
0.960043967,1,NaN,NaN
0.187820703,NaN,NaN,3
0.922532856,NaN,NaN,3
0.034964632,NaN,NaN,3
0.187820703,1,NaN,NaN
0.778065264,NaN,NaN,3
0.736887753,1,NaN,NaN
0.814751983,NaN,2,NaN
0.969425678,NaN,2,NaN
0.066100329,1,NaN,NaN
0.421680391,NaN,2,NaN
0.270306379,NaN,NaN,3
0.965940714,NaN,2,NaN
0.494330883,NaN,2,NaN
0.488559842,1,NaN,NaN
0.969425678,NaN,2,NaN
0.653122962,1,NaN,NaN
0.181121677,NaN,NaN,3
0.956047118,1,NaN,NaN
0.782198191,NaN,NaN,3
0.1875007,NaN,2,NaN
0.960262656,NaN,2,NaN
0.372296005,NaN,NaN,3
0.977680027,NaN,2,NaN
0.961456835,1,NaN,NaN
0.270306379,NaN,NaN,3
0.960036933,NaN,2,NaN
0.373946309,NaN,2,NaN
0.58532089,NaN,NaN,3
0.093461998,1,NaN,NaN
0.106641263,NaN,2,NaN
0.187820703,NaN,NaN,3
0.607900083,NaN,2,NaN
0.960043967,1,NaN,NaN
0.964598894,NaN,2,NaN
0.093461998,1,NaN,NaN
0.942619443,1,NaN,NaN
0.712886035,NaN,2,NaN
0.372296005,1,NaN,NaN
0.187820703,1,NaN,NaN
0.802586615,NaN,2,NaN
0.220476165,NaN,2,NaN
0.13318415,NaN,2,NaN
0.220476165,NaN,2,NaN
0.152980477,NaN,2,NaN
0.432520777,NaN,NaN,3
0.887116849,NaN,NaN,3
0.960036933,NaN,2,NaN
0.698932171,NaN,2,NaN
0.279691517,NaN,2,NaN
0.270306379,1,NaN,NaN
0.607900083,NaN,2,NaN
0.97224468,NaN,2,NaN
0.965466678,NaN,2,NaN
0.880025566,1,NaN,NaN
0.922532856,1,NaN,NaN
0.736887753,NaN,NaN,3
0.736887753,NaN,NaN,3
0.908921003,NaN,NaN,3
0.061952036,1,NaN,NaN
0.974135041,NaN,NaN,3
0.316559851,NaN,2,NaN
0.876864254,1,NaN,NaN
0.270306379,NaN,NaN,3
0.072332315,1,NaN,NaN
0.939510882,NaN,NaN,3
0.360975266,NaN,NaN,3
0.360975266,1,NaN,NaN
0.345757544,1,NaN,NaN
0.887038708,NaN,NaN,3
0.887038708,NaN,NaN,3
0.736887753,1,NaN,NaN
0.051143911,NaN,NaN,3
0.58532089,NaN,NaN,3
0.372296005,NaN,NaN,3
0.152980477,NaN,2,NaN
0.293639034,1,NaN,NaN
0.091103591,NaN,NaN,3
0.969425678,NaN,2,NaN
0.11435809,1,NaN,NaN
0.360975266,1,NaN,NaN
0.929427028,NaN,2,NaN
0.961456835,1,NaN,NaN
0.745668769,NaN,2,NaN
0.072332315,NaN,NaN,3
0.11435809,NaN,NaN,3
0.329783618,1,NaN,NaN
0.802586615,NaN,2,NaN
0.782198191,NaN,NaN,3
0.360975266,1,NaN,NaN
0.89680469,1,NaN,NaN
0.782198191,1,NaN,NaN
0.181121677,1,NaN,NaN
0.432520777,1,NaN,NaN
0.736887753,1,NaN,NaN
0.345757544,NaN,NaN,3
0.135991424,NaN,NaN,3
0.106592238,1,NaN,NaN
0.782198191,NaN,NaN,3
0.872855186,1,NaN,NaN
0.884222865,NaN,2,NaN
0.61652112,NaN,2,NaN
0.957656145,NaN,2,NaN
0.943854213,NaN,NaN,3
0.051143911,NaN,NaN,3
0.942619443,1,NaN,NaN
0.960036933,NaN,2,NaN
0.360975266,1,NaN,NaN
0.293456465,NaN,2,NaN
0.114036284,NaN,2,NaN
0.981857121,NaN,2,NaN
0.106641263,NaN,2,NaN
0.360975266,NaN,NaN,3
0.372296005,1,NaN,NaN
0.761235297,1,NaN,NaN
0.181121677,1,NaN,NaN
0.093461998,1,NaN,NaN
0.872855186,1,NaN,NaN
0.776861906,NaN,2,NaN
0.745668769,NaN,2,NaN
0.453091055,NaN,2,NaN
0.960043967,NaN,NaN,3
0.11435809,NaN,NaN,3
0.145977736,NaN,2,NaN
0.360975266,NaN,NaN,3
0.270306379,NaN,NaN,3
0.922532856,NaN,NaN,3
0.220476165,NaN,2,NaN
0.421680391,NaN,2,NaN
0.061120614,1,NaN,NaN
0.421680391,NaN,2,NaN
0.12570031,NaN,2,NaN
0.887038708,1,NaN,NaN
0.432520777,1,NaN,NaN
0.051143911,NaN,NaN,3
0.939510882,NaN,NaN,3
0.051143911,NaN,NaN,3
0.116066873,1,NaN,NaN
0.293639034,1,NaN,NaN
0.887116849,1,NaN,NaN
0.293639034,1,NaN,NaN
0.163293183,NaN,2,NaN
0.072332315,1,NaN,NaN
0.187820703,NaN,NaN,3
0.667777717,NaN,NaN,3
0.270306379,1,NaN,NaN
0.926077366,NaN,2,NaN
0.11435809,1,NaN,NaN
0.727344811,NaN,NaN,3
0.862432361,1,NaN,NaN
0.360975266,1,NaN,NaN
0.615120709,NaN,2,NaN
0.973990798,NaN,2,NaN
0.111027971,NaN,NaN,3
0.425917059,NaN,2,NaN
0.163293183,NaN,2,NaN
0.653122962,1,NaN,NaN
0.887038708,1,NaN,NaN
0.956047118,1,NaN,NaN
0.884222865,NaN,2,NaN
0.421680391,NaN,2,NaN
0.360975266,1,NaN,NaN
0.187820703,1,NaN,NaN
0.977680027,NaN,2,NaN
0.293639034,NaN,NaN,3
0.745668769,NaN,2,NaN
0.97224468,NaN,2,NaN
0.653122962,1,NaN,NaN
0.942619443,NaN,NaN,3
0.931010544,NaN,NaN,3
0.960043967,NaN,NaN,3
0.270306379,1,NaN,NaN
0.086233929,NaN,NaN,3
0.345757544,NaN,NaN,3
0.960043967,NaN,NaN,3
0.552348495,NaN,2,NaN
0.931051493,NaN,2,NaN
0.963769794,NaN,2,NaN
0.163293183,NaN,2,NaN
0.932807982,NaN,NaN,3
0.977680027,NaN,2,NaN
0.453091055,NaN,2,NaN
0.345757544,NaN,NaN,3
0.163293183,NaN,2,NaN
0.372296005,1,NaN,NaN
0.778308272,NaN,2,NaN
0.072332315,NaN,NaN,3
0.939139187,NaN,2,NaN
0.969425678,NaN,2,NaN
0.327248931,NaN,2,NaN
0.114036284,NaN,2,NaN
0.130003452,NaN,NaN,3
0.872855186,NaN,NaN,3
0.973990798,NaN,2,NaN
0.965466678,NaN,2,NaN
0.238480464,NaN,NaN,3
0.965940714,NaN,2,NaN
0.961456835,NaN,NaN,3
0.942619443,NaN,NaN,3
0.093461998,NaN,NaN,3
0.776861906,NaN,2,NaN
0.615120709,NaN,2,NaN
0.950175345,NaN,NaN,3
0.58532089,1,NaN,NaN
0.942619443,1,NaN,NaN
0.345757544,NaN,NaN,3
0.61079067,NaN,NaN,3
0.942619443,1,NaN,NaN
0.552348495,NaN,2,NaN
0.220476165,NaN,2,NaN
0.961456835,NaN,NaN,3
0.16566889,1,NaN,NaN
0.929427028,NaN,2,NaN
0.552348495,NaN,2,NaN
0.887116849,NaN,NaN,3
0.965940714,NaN,2,NaN
0.125006989,NaN,NaN,3
0.114036284,NaN,2,NaN
0.782198191,1,NaN,NaN
0.965940714,NaN,2,NaN
0.238480464,NaN,NaN,3
0.950175345,NaN,NaN,3
0.961456835,1,NaN,NaN
0.698932171,NaN,2,NaN
0.798544884,NaN,2,NaN
0.973990798,NaN,2,NaN
0.116066873,NaN,NaN,3
0.257880718,1,NaN,NaN
0.782198191,1,NaN,NaN
0.360975266,1,NaN,NaN
0.825803757,NaN,NaN,3
0.887116849,1,NaN,NaN
0.066100329,1,NaN,NaN
0.58532089,NaN,NaN,3
0.653122962,NaN,NaN,3
0.965940714,NaN,2,NaN
0.939510882,1,NaN,NaN
0.887116849,1,NaN,NaN
0.220476165,NaN,2,NaN
0.489499658,NaN,2,NaN
0.653122962,1,NaN,NaN
0.62013948,1,NaN,NaN
0.093461998,1,NaN,NaN
0.411501288,NaN,NaN,3
0.977680027,NaN,2,NaN
0.782198191,1,NaN,NaN
0.238480464,1,NaN,NaN
0.942619443,NaN,NaN,3
0.887116849,1,NaN,NaN
0.181121677,NaN,NaN,3
0.782198191,1,NaN,NaN
0.950235009,1,NaN,NaN
0.939510882,NaN,NaN,3
0.661943972,NaN,2,NaN
0.181121677,NaN,NaN,3
0.372296005,1,NaN,NaN
0.552348495,NaN,2,NaN
0.782198191,NaN,NaN,3
0.908921003,NaN,NaN,3
0.051143911,NaN,NaN,3
0.181121677,1,NaN,NaN
0.396842837,NaN,NaN,3
0.745668769,NaN,2,NaN
0.939510882,1,NaN,NaN
0.425917059,NaN,2,NaN
0.097251743,NaN,NaN,3
0.976993859,NaN,2,NaN
0.085827127,1,NaN,NaN
0.360975266,NaN,NaN,3
0.163293183,NaN,2,NaN
0.187820703,NaN,NaN,3
0.072332315,1,NaN,NaN
0.977680027,NaN,2,NaN
0.181121677,NaN,NaN,3
0.974135041,1,NaN,NaN
0.432520777,NaN,NaN,3
0.922532856,1,NaN,NaN
0.066100329,NaN,NaN,3
0.293639034,1,NaN,NaN
0.362107664,NaN,2,NaN
0.782198191,NaN,NaN,3
0.694841027,1,NaN,NaN
0.950175345,NaN,NaN,3
0.543259263,NaN,NaN,3
0.956047118,NaN,NaN,3
0.3314915,1,NaN,NaN
0.942619443,1,NaN,NaN
0.911068559,1,NaN,NaN
0.051143911,1,NaN,NaN
0.653122962,1,NaN,NaN
0.782198191,1,NaN,NaN
0.872855186,1,NaN,NaN
0.317358166,NaN,2,NaN
0.114036284,NaN,2,NaN
0.902898431,1,NaN,NaN
0.872855186,NaN,NaN,3
0.093461998,1,NaN,NaN
0.360975266,1,NaN,NaN
0.961456835,NaN,NaN,3
0.798916042,NaN,2,NaN
0.965607047,1,NaN,NaN
0.782198191,NaN,NaN,3
0.345757544,NaN,NaN,3
0.776861906,NaN,2,NaN
0.922532856,1,NaN,NaN
0.698932171,NaN,2,NaN
0.117548816,NaN,NaN,3
0.187820703,NaN,NaN,3
0.58532089,1,NaN,NaN
0.884222865,NaN,2,NaN
0.293639034,NaN,NaN,3
0.215792015,NaN,2,NaN
0.898122609,NaN,2,NaN
0.922532856,1,NaN,NaN
0.776861906,NaN,2,NaN
0.663137794,1,NaN,NaN
0.382478535,1,NaN,NaN
0.345757544,1,NaN,NaN
0.880025566,NaN,NaN,3
0.965466678,NaN,2,NaN
0.360975266,1,NaN,NaN
0.279691517,NaN,2,NaN
0.270306379,NaN,NaN,3
0.279691517,NaN,2,NaN
0.974135041,NaN,NaN,3
0.163293183,NaN,2,NaN
0.977680027,NaN,2,NaN
0.421680391,NaN,2,NaN
0.163293183,NaN,2,NaN
0.922532856,1,NaN,NaN
0.887116849,NaN,NaN,3
0.962450266,NaN,2,NaN
0.513353109,NaN,2,NaN
0.615120709,NaN,2,NaN
0.025225265,1,NaN,NaN
0.196843579,NaN,2,NaN
0.950175345,1,NaN,NaN
0.106641263,NaN,2,NaN
0.925625801,NaN,NaN,3
0.552348495,NaN,2,NaN
0.655170381,NaN,2,NaN
0.58532089,NaN,NaN,3
0.872855186,NaN,NaN,3
0.051143911,1,NaN,NaN
0.802586615,NaN,2,NaN
0.220476165,NaN,2,NaN
0.901114106,NaN,2,NaN
0.803101361,1,NaN,NaN
0.950175345,NaN,NaN,3
0.326537848,NaN,2,NaN
0.728212059,NaN,NaN,3
0.939510882,NaN,NaN,3
0.187820703,NaN,NaN,3
0.238480464,1,NaN,NaN
0.974135041,1,NaN,NaN
0.890859842,NaN,NaN,3
0.293639034,1,NaN,NaN
0.238480464,1,NaN,NaN
0.965466678,NaN,2,NaN
0.11435809,NaN,NaN,3
0.934667468,NaN,2,NaN
0.140255839,NaN,2,NaN
0.922532856,NaN,NaN,3
0.892320812,NaN,2,NaN
0.736887753,NaN,NaN,3
0.960726798,1,NaN,NaN
0.048972692,1,NaN,NaN
0.926077366,NaN,2,NaN
0.961456835,1,NaN,NaN
0.908921003,NaN,NaN,3
0.939510882,1,NaN,NaN
0.453091055,NaN,2,NaN
0.421680391,NaN,2,NaN
0.163565665,NaN,2,NaN
0.360975266,NaN,NaN,3
0.941996634,NaN,2,NaN
0.270306379,1,NaN,NaN
0.902898431,NaN,NaN,3
0.917342365,NaN,2,NaN
0.220476165,NaN,2,NaN
0.360975266,NaN,NaN,3
0.902898431,1,NaN,NaN
0.254581004,1,NaN,NaN
0.974135041,1,NaN,NaN
0.278274506,1,NaN,NaN
0.868948579,NaN,2,NaN
0.969425678,NaN,2,NaN
0.293639034,NaN,NaN,3
0.421680391,NaN,2,NaN
0.960043967,NaN,NaN,3
0.965940714,NaN,2,NaN
0.961456835,NaN,NaN,3
0.048972692,NaN,NaN,3
0.658375144,1,NaN,NaN
0.950175345,NaN,NaN,3
0.865729153,1,NaN,NaN
0.607900083,NaN,2,NaN
0.12879315,NaN,2,NaN
0.944947481,NaN,NaN,3
0.615120709,NaN,2,NaN
0.802586615,NaN,2,NaN
0.187960744,NaN,NaN,3
0.106641263,NaN,2,NaN
0.238480464,NaN,NaN,3
0.745668769,NaN,2,NaN
0.942619443,NaN,NaN,3
0.104288265,NaN,2,NaN
0.956047118,NaN,NaN,3
0.902898431,NaN,NaN,3
0.345757544,NaN,NaN,3
0.736887753,1,NaN,NaN
0.372296005,NaN,NaN,3
0.653122962,NaN,NaN,3
0.950175345,1,NaN,NaN
0.093461998,NaN,NaN,3
0.360975266,1,NaN,NaN
0.97224468,NaN,2,NaN
0.950175345,NaN,NaN,3
0.776861906,NaN,2,NaN
0.736887753,NaN,NaN,3
0.072332315,NaN,NaN,3
0.902898431,NaN,NaN,3
0.835559011,NaN,NaN,3
0.360975266,1,NaN,NaN
0.942619443,NaN,NaN,3
0.922532856,1,NaN,NaN
0.948390067,1,NaN,NaN
0.345757544,NaN,NaN,3
0.736887753,NaN,NaN,3
0.360975266,1,NaN,NaN
0.312906235,NaN,2,NaN
0.799744546,NaN,NaN,3
0.922359824,NaN,2,NaN
0.887038708,1,NaN,NaN
0.345757544,1,NaN,NaN
0.093461998,1,NaN,NaN
0.066100329,NaN,NaN,3
0.759183347,NaN,2,NaN
0.898122609,NaN,2,NaN
0.372059673,1,NaN,NaN
0.974135041,1,NaN,NaN
0.898122609,NaN,2,NaN
0.952744663,NaN,NaN,3
0.83280164,NaN,NaN,3
0.432520777,NaN,NaN,3
0.956047118,1,NaN,NaN
0.360975266,1,NaN,NaN
0.152980477,NaN,2,NaN
0.187820703,NaN,NaN,3
0.942619443,1,NaN,NaN
0.453091055,NaN,2,NaN
0.084499359,NaN,NaN,3
0.803101361,NaN,NaN,3
0.847554326,NaN,NaN,3
0.251539946,1,NaN,NaN
0.093461998,NaN,NaN,3
0.242957905,NaN,NaN,3
0.872855186,1,NaN,NaN
0.901114106,NaN,2,NaN
0.072332315,1,NaN,NaN
0.360975266,1,NaN,NaN
0.966999531,NaN,2,NaN
0.965940714,NaN,2,NaN
0.051143911,NaN,NaN,3
0.079936959,1,NaN,NaN
0.934907258,NaN,NaN,3
0.950175345,1,NaN,NaN
0.782198191,NaN,NaN,3
0.956047118,1,NaN,NaN
0.698932171,NaN,2,NaN
0.051143911,NaN,NaN,3
0.977680027,NaN,2,NaN
0.887038708,NaN,NaN,3
0.782198191,1,NaN,NaN
0.948820055,NaN,2,NaN
0.960043967,NaN,NaN,3
0.552348495,NaN,2,NaN
0.187820703,1,NaN,NaN
0.974135041,NaN,NaN,3
0.603348136,NaN,2,NaN
0.960043967,1,NaN,NaN
0.902898431,NaN,NaN,3
0.887116849,NaN,NaN,3
0.887038708,1,NaN,NaN
0.258014441,NaN,2,NaN
0.425917059,NaN,2,NaN
0.238480464,1,NaN,NaN
0.58532089,NaN,NaN,3
0.279691517,NaN,2,NaN
0.778065264,1,NaN,NaN
0.238480464,1,NaN,NaN
0.698932171,NaN,2,NaN
0.942619443,NaN,NaN,3
0.95228523,NaN,NaN,3
0.345757544,1,NaN,NaN
0.872855186,1,NaN,NaN
0.939510882,1,NaN,NaN
0.58532089,NaN,NaN,3
0.898122609,NaN,2,NaN
0.942619443,NaN,NaN,3
0.152215958,1,NaN,NaN
0.606682301,NaN,2,NaN
0.181121677,1,NaN,NaN
0.969425678,NaN,2,NaN
0.421680391,NaN,2,NaN
0.960043967,1,NaN,NaN
0.345757544,NaN,NaN,3
0.372296005,1,NaN,NaN
0.066100329,1,NaN,NaN
0.372296005,1,NaN,NaN
0.736887753,NaN,NaN,3
0.950235009,NaN,NaN,3
0.152980477,NaN,2,NaN
0.072332315,NaN,NaN,3
0.965940714,NaN,2,NaN
0.872855186,NaN,NaN,3
0.960043967,NaN,NaN,3
0.926077366,NaN,2,NaN
0.187820703,NaN,NaN,3
0.969892025,NaN,NaN,3
0.11435809,1,NaN,NaN
0.293639034,1,NaN,NaN
0.864454329,1,NaN,NaN
0.653122962,NaN,NaN,3
0.345757544,NaN,NaN,3
0.130787,1,NaN,NaN
0.976896465,NaN,NaN,3
0.939510882,NaN,NaN,3
0.736887753,NaN,NaN,3
0.961456835,NaN,NaN,3
0.072332315,1,NaN,NaN
0.929427028,NaN,2,NaN
0.093461998,NaN,NaN,3
0.072332315,NaN,NaN,3
0.955865502,1,NaN,NaN
0.906712949,NaN,NaN,3
0.615120709,NaN,2,NaN
0.97224468,NaN,2,NaN
0.903164387,1,NaN,NaN
0.903164387,NaN,NaN,3
0.950175345,NaN,NaN,3
0.889835,1,NaN,NaN
0.950175345,NaN,NaN,3
0.603286505,1,NaN,NaN
0.225334391,NaN,2,NaN
0.360975266,1,NaN,NaN
0.960043967,NaN,NaN,3
0.163293183,NaN,2,NaN
0.187820703,1,NaN,NaN
0.238480464,1,NaN,NaN
0.181332633,NaN,2,NaN
0.653122962,NaN,NaN,3
0.360975266,NaN,NaN,3
0.950175345,NaN,NaN,3
0.960043967,1,NaN,NaN
0.093461998,NaN,NaN,3
0.163293183,NaN,2,NaN
0.093461998,NaN,NaN,3
0.181121677,1,NaN,NaN
0.063812621,NaN,NaN,3
0.947178841,NaN,2,NaN
0.615120709,NaN,2,NaN
0.607900083,NaN,2,NaN
0.238480464,NaN,NaN,3
0.152980477,NaN,2,NaN
0.881186485,1,NaN,NaN
0.902898431,NaN,NaN,3
0.425917059,NaN,2,NaN
0.432520777,NaN,NaN,3
0.773508906,NaN,2,NaN
0.960043967,NaN,NaN,3
0.942619443,1,NaN,NaN
0.432520777,NaN,NaN,3
0.263839006,NaN,2,NaN
0.887116849,1,NaN,NaN
0.653122962,NaN,NaN,3
0.922692776,1,NaN,NaN
0.630637825,NaN,NaN,3
0.11435809,1,NaN,NaN
0.97224468,NaN,2,NaN
0.973990798,NaN,2,NaN
0.802586615,NaN,2,NaN
0.95844698,1,NaN,NaN
0.782198191,1,NaN,NaN
0.05878827,1,NaN,NaN
0.293639034,NaN,NaN,3
0.093461998,1,NaN,NaN
0.653122962,NaN,NaN,3
0.825803757,1,NaN,NaN
0.181121677,1,NaN,NaN
0.093461998,NaN,NaN,3
0.044804826,1,NaN,NaN
0.926077366,NaN,2,NaN
0.965466678,NaN,2,NaN
0.58532089,NaN,NaN,3
0.187820703,1,NaN,NaN
0.736887753,NaN,NaN,3
0.884222865,NaN,2,NaN
0.081553362,NaN,NaN,3
0.326537848,NaN,2,NaN
0.802586615,NaN,2,NaN
0.942619443,1,NaN,NaN
0.776861906,NaN,2,NaN
0.97224468,NaN,2,NaN
0.736887753,NaN,NaN,3
0.425917059,NaN,2,NaN
0.093461998,NaN,NaN,3
0.58532089,1,NaN,NaN
0.908921003,1,NaN,NaN
0.949731529,NaN,2,NaN
0.926077366,NaN,2,NaN
0.922359824,NaN,2,NaN
0.360975266,NaN,NaN,3
0.432520777,NaN,NaN,3
0.187820703,1,NaN,NaN
0.257880718,NaN,NaN,3
0.960043967,1,NaN,NaN
0.872855186,1,NaN,NaN
0.360975266,NaN,NaN,3
0.944357216,NaN,NaN,3
0.942619443,1,NaN,NaN
0.425917059,NaN,2,NaN
0.789462864,NaN,2,NaN
0.782198191,NaN,NaN,3
0.782198191,NaN,NaN,3
0.872855186,1,NaN,NaN
0.270306379,1,NaN,NaN
0.11435809,NaN,NaN,3
0.872855186,NaN,NaN,3
0.802586615,NaN,2,NaN
0.960043967,1,NaN,NaN
0.360975266,1,NaN,NaN
0.939510882,1,NaN,NaN
0.976896465,1,NaN,NaN
0.051143911,NaN,NaN,3
0.051143911,NaN,NaN,3
0.432520777,1,NaN,NaN
0.181121677,1,NaN,NaN
0.11435809,1,NaN,NaN
0.939510882,1,NaN,NaN
0.950175345,NaN,NaN,3
0.106641263,NaN,2,NaN
0.051143911,NaN,NaN,3
0.432520777,1,NaN,NaN
0.736887753,NaN,NaN,3
0.293639034,NaN,NaN,3
0.929427028,NaN,2,NaN
0.898122609,NaN,2,NaN
0.922532856,NaN,NaN,3
0.974135041,NaN,NaN,3
0.345757544,NaN,NaN,3
0.974135041,NaN,NaN,3
0.270306379,NaN,NaN,3
0.0753216,NaN,NaN,3
0.922359824,NaN,2,NaN
0.736887753,1,NaN,NaN
0.58532089,1,NaN,NaN
0.181121677,NaN,NaN,3
0.902898431,1,NaN,NaN
0.776861906,NaN,2,NaN
0.960043967,NaN,NaN,3
0.270306379,NaN,NaN,3
0.902898431,NaN,NaN,3
0.615120709,NaN,2,NaN
0.901114106,NaN,2,NaN
0.939510882,NaN,NaN,3
0.031451099,NaN,NaN,3
0.293639034,NaN,NaN,3
0.802586615,NaN,2,NaN
0.974135041,1,NaN,NaN
0.345757544,1,NaN,NaN
0.432520777,1,NaN,NaN
0.432520777,NaN,NaN,3
0.766288161,1,NaN,NaN
0.163293183,NaN,2,NaN
0.130779833,NaN,NaN,3
0.163293183,NaN,2,NaN
0.902898431,1,NaN,NaN
0.425917059,NaN,2,NaN
0.106641263,NaN,2,NaN
0.066100329,1,NaN,NaN
0.929220498,NaN,2,NaN
0.956047118,1,NaN,NaN
0.965466678,NaN,2,NaN
0.950175345,NaN,NaN,3
0.653122962,1,NaN,NaN
0.360975266,NaN,NaN,3
0.902898431,NaN,NaN,3
0.901114106,NaN,2,NaN
0.887038708,1,NaN,NaN
0.974135041,NaN,NaN,3
0.279691517,NaN,2,NaN
0.943148494,NaN,NaN,3
0.908921003,1,NaN,NaN
0.956047118,NaN,NaN,3
0.067403935,NaN,2,NaN
0.293639034,NaN,NaN,3
0.372296005,1,NaN,NaN
0.961456835,1,NaN,NaN
0.238480464,NaN,NaN,3
0.152980477,NaN,2,NaN
0.187820703,NaN,NaN,3
0.960036933,NaN,2,NaN
0.736887753,1,NaN,NaN
0.615120709,NaN,2,NaN
0.887038708,NaN,NaN,3
0.044791911,NaN,NaN,3
0.872855186,NaN,NaN,3
0.961456835,NaN,NaN,3
0.11435809,1,NaN,NaN
0.316559851,NaN,2,NaN
0.950175345,1,NaN,NaN
0.58532089,NaN,NaN,3
0.939510882,1,NaN,NaN
0.908921003,1,NaN,NaN
0.902898431,1,NaN,NaN
0.91803807,NaN,2,NaN
0.922532856,NaN,NaN,3
0.934607327,1,NaN,NaN
0.698932171,NaN,2,NaN
0.421680391,NaN,2,NaN
0.782198191,1,NaN,NaN
0.159085825,1,NaN,NaN
0.615120709,NaN,2,NaN
0.887038708,NaN,NaN,3
0.950175345,1,NaN,NaN
0.030722605,1,NaN,NaN
0.187820703,NaN,NaN,3
0.209202841,1,NaN,NaN
0.360975266,NaN,NaN,3
0.974135041,1,NaN,NaN
0.901114106,NaN,2,NaN
0.745668769,NaN,2,NaN
0.942619443,NaN,NaN,3
0.163293183,NaN,2,NaN
0.97224468,NaN,2,NaN
0.393586546,1,NaN,NaN
0.926077366,NaN,2,NaN
0.11435809,1,NaN,NaN
0.847319245,NaN,2,NaN
0.942619443,1,NaN,NaN
0.884222865,NaN,2,NaN
0.884222865,NaN,2,NaN
0.181121677,NaN,NaN,3
0.187820703,1,NaN,NaN
0.939510882,1,NaN,NaN
0.360975266,1,NaN,NaN
0.607900083,NaN,2,NaN
0.244852215,1,NaN,NaN
0.372296005,NaN,NaN,3
0.97224468,NaN,2,NaN
0.935084999,NaN,2,NaN
0.117548816,1,NaN,NaN
0.908921003,1,NaN,NaN
0.922030509,1,NaN,NaN
0.255106091,1,NaN,NaN
0.181121677,1,NaN,NaN
0.072332315,1,NaN,NaN
0.884222865,NaN,2,NaN
0.950175345,1,NaN,NaN
0.904874861,1,NaN,NaN
0.93608135,1,NaN,NaN
0.802586615,NaN,2,NaN
0.977680027,NaN,2,NaN
0.093461998,1,NaN,NaN
0.125006989,1,NaN,NaN
0.615120709,NaN,2,NaN
0.421680391,NaN,2,NaN
0.876864254,NaN,NaN,3
0.615120709,NaN,2,NaN
0.41264233,NaN,NaN,3
0.58532089,1,NaN,NaN
0.11435809,1,NaN,NaN
0.345757544,NaN,NaN,3
0.293639034,1,NaN,NaN
0.316559851,NaN,2,NaN
0.034854122,1,NaN,NaN
0.919005513,1,NaN,NaN
0.11435809,1,NaN,NaN
0.960036933,NaN,2,NaN
0.066100329,NaN,NaN,3
0.736887753,1,NaN,NaN
0.432520777,NaN,NaN,3
0.929427028,NaN,2,NaN
0.58532089,NaN,NaN,3
0.887116849,1,NaN,NaN
0.270306379,NaN,NaN,3
0.653122962,1,NaN,NaN
0.949920118,1,NaN,NaN
0.916135252,1,NaN,NaN
0.819340825,NaN,2,NaN
0.360975266,NaN,NaN,3
0.372296005,NaN,NaN,3
0.956047118,1,NaN,NaN
0.929427028,NaN,2,NaN
0.251539946,NaN,NaN,3
0.922532856,1,NaN,NaN
0.956047118,1,NaN,NaN
0.270306379,NaN,NaN,3
0.372296005,NaN,NaN,3
0.151176706,1,NaN,NaN
0.375811279,1,NaN,NaN
0.745668769,NaN,2,NaN
0.39535588,NaN,2,NaN
0.223051965,NaN,2,NaN
0.961456835,NaN,NaN,3
0.950175345,1,NaN,NaN
0.187820703,1,NaN,NaN
0.902898431,1,NaN,NaN
0.973990798,NaN,2,NaN
0.528676629,NaN,2,NaN
0.960043967,NaN,NaN,3
0.959726453,NaN,2,NaN
0.920223475,NaN,NaN,3
0.293639034,NaN,NaN,3
0.908921003,1,NaN,NaN
0.11435809,1,NaN,NaN
0.168917254,NaN,2,NaN
0.360975266,1,NaN,NaN
0.974135041,1,NaN,NaN
0.148955032,NaN,2,NaN
0.270306379,1,NaN,NaN
0.782198191,1,NaN,NaN
0.902898431,1,NaN,NaN
0.973990798,NaN,2,NaN
0.887038708,1,NaN,NaN
0.093461998,NaN,NaN,3
0.956047118,NaN,NaN,3
0.776861906,NaN,2,NaN
0.973990798,NaN,2,NaN
0.066100329,1,NaN,NaN
0.345757544,1,NaN,NaN
0.187820703,NaN,NaN,3
0.922359824,NaN,2,NaN
0.11435809,NaN,NaN,3
0.607900083,NaN,2,NaN
0.960043967,1,NaN,NaN
0.936871111,NaN,2,NaN
0.768709898,NaN,2,NaN
0.072332315,1,NaN,NaN
0.051143911,1,NaN,NaN
0.969425678,NaN,2,NaN
0.939510882,1,NaN,NaN
0.181121677,NaN,NaN,3
0.270306379,NaN,NaN,3
0.072332315,NaN,NaN,3
0.238480464,1,NaN,NaN
0.42243883,NaN,2,NaN
0.971673369,NaN,2,NaN
0.77284801,NaN,2,NaN
0.432520777,NaN,NaN,3
0.030722605,NaN,NaN,3
0.97224468,NaN,2,NaN
0.293639034,1,NaN,NaN
0.293639034,NaN,NaN,3
0.181121677,1,NaN,NaN
0.949920118,NaN,NaN,3
0.901685834,1,NaN,NaN
0.960043967,NaN,NaN,3
0.270306379,1,NaN,NaN
0.929427028,NaN,2,NaN
0.939633489,NaN,2,NaN
0.872855186,NaN,NaN,3
0.960043967,NaN,NaN,3
0.115049183,NaN,2,NaN
0.33001551,NaN,NaN,3
0.902663589,NaN,2,NaN
0.922359824,NaN,2,NaN
0.653122962,1,NaN,NaN
0.961456835,1,NaN,NaN
0.698932171,NaN,2,NaN
0.802586615,NaN,2,NaN
0.220476165,NaN,2,NaN
0.950175345,1,NaN,NaN
0.114036284,NaN,2,NaN
0.887038708,1,NaN,NaN
0.181121677,1,NaN,NaN
0.066100329,1,NaN,NaN
0.372059673,NaN,NaN,3
0.58532089,NaN,NaN,3
0.960043967,NaN,NaN,3
0.066100329,1,NaN,NaN
0.925625801,1,NaN,NaN
0.58532089,NaN,NaN,3
0.201888829,NaN,2,NaN
0.97224468,NaN,2,NaN
0.745668769,NaN,2,NaN
0.817227721,1,NaN,NaN
0.801037312,NaN,NaN,3
0.922532856,NaN,NaN,3
0.360975266,NaN,NaN,3
0.066100329,NaN,NaN,3
0.238378331,NaN,NaN,3
0.950175345,1,NaN,NaN
0.902898431,NaN,NaN,3
0.922532856,1,NaN,NaN
0.898122609,NaN,2,NaN
0.950175345,NaN,NaN,3
0.902898431,NaN,NaN,3
0.884222865,NaN,2,NaN
0.754354358,NaN,NaN,3
0.745668769,NaN,2,NaN
0.432520777,NaN,NaN,3
0.607900083,NaN,2,NaN
0.736887753,1,NaN,NaN
0.293639034,NaN,NaN,3
0.206629276,1,NaN,NaN
0.360975266,NaN,NaN,3
0.939510882,NaN,NaN,3
0.092921346,NaN,NaN,3
0.902898431,NaN,NaN,3
0.11435809,1,NaN,NaN
0.093461998,1,NaN,NaN
0.872855186,1,NaN,NaN
0.58532089,1,NaN,NaN
0.908921003,NaN,NaN,3
0.908921003,NaN,NaN,3
0.095653899,NaN,2,NaN
0.907383382,NaN,NaN,3
0.066100329,1,NaN,NaN
0.093461998,1,NaN,NaN
0.279691517,NaN,2,NaN
0.907498837,NaN,NaN,3
0.961456835,1,NaN,NaN
0.238480464,NaN,NaN,3
0.653122962,NaN,NaN,3
0.782198191,1,NaN,NaN
0.872855186,1,NaN,NaN
0.902898431,NaN,NaN,3
0.901114106,NaN,2,NaN
0.922532856,NaN,NaN,3
0.974135041,NaN,NaN,3
0.072332315,NaN,NaN,3
0.220476165,NaN,2,NaN
0.977680027,NaN,2,NaN
0.114036284,NaN,2,NaN
0.064512499,1,NaN,NaN
0.552348495,NaN,2,NaN
0.372296005,1,NaN,NaN
0.238480464,NaN,NaN,3
0.902898431,NaN,NaN,3
0.181121677,1,NaN,NaN
0.87964195,1,NaN,NaN
0.58532089,NaN,NaN,3
0.571107328,NaN,2,NaN
0.898122609,NaN,2,NaN
0.615120709,NaN,2,NaN
0.965940714,NaN,2,NaN
0.139141947,1,NaN,NaN
0.107628815,1,NaN,NaN
0.907001853,1,NaN,NaN
0.072332315,1,NaN,NaN
0.066100329,NaN,NaN,3
0.372296005,1,NaN,NaN
0.360975266,NaN,NaN,3
0.908921003,1,NaN,NaN
0.887116849,1,NaN,NaN
0.872855186,NaN,NaN,3
0.552348495,NaN,2,NaN
0.432520777,NaN,NaN,3
0.872855186,1,NaN,NaN
0.11435809,NaN,NaN,3
0.345757544,1,NaN,NaN
0.929427028,NaN,2,NaN
0.965466678,NaN,2,NaN
0.224426344,NaN,2,NaN
0.360975266,1,NaN,NaN
0.11435809,1,NaN,NaN
0.872855186,1,NaN,NaN
0.657583177,NaN,2,NaN
0.973990798,NaN,2,NaN
0.372296005,NaN,NaN,3
0.344381124,NaN,2,NaN
0.884222865,NaN,2,NaN
0.960043967,1,NaN,NaN
0.898122609,NaN,2,NaN
0.316559851,NaN,2,NaN
0.042712685,1,NaN,NaN
0.329783618,NaN,NaN,3
0.922532856,NaN,NaN,3
0.736887753,NaN,NaN,3
0.96844101,NaN,2,NaN
0.97224468,NaN,2,NaN
0.884222865,NaN,2,NaN
0.552348495,NaN,2,NaN
0.872855186,NaN,NaN,3
0.974135041,NaN,NaN,3
0.761235297,NaN,NaN,3
0.926077366,NaN,2,NaN
0.887116849,NaN,NaN,3
0.118368067,1,NaN,NaN
0.901114106,NaN,2,NaN
0.922359824,NaN,2,NaN
0.071420714,1,NaN,NaN
0.653122962,1,NaN,NaN
0.093461998,1,NaN,NaN
0.187815472,NaN,2,NaN
0.242957905,1,NaN,NaN
0.97224468,NaN,2,NaN
0.965466678,NaN,2,NaN
0.745668769,NaN,2,NaN
0.066100329,NaN,NaN,3
0.809676349,NaN,NaN,3
0.887116849,NaN,NaN,3
0.950175345,1,NaN,NaN
0.782198191,NaN,NaN,3
0.079936959,NaN,NaN,3
0.360975266,1,NaN,NaN
0.093461998,NaN,NaN,3
0.114036284,NaN,2,NaN
0.293639034,NaN,NaN,3
0.922532856,NaN,NaN,3
0.7071172,1,NaN,NaN
0.910235345,NaN,2,NaN
0.360975266,NaN,NaN,3
0.316559851,NaN,2,NaN
0.642888367,1,NaN,NaN
0.942619443,1,NaN,NaN
0.840206027,NaN,NaN,3
0.653122962,NaN,NaN,3
0.961456835,NaN,NaN,3
0.943144023,1,NaN,NaN
0.066100329,NaN,NaN,3
0.034854122,NaN,NaN,3
0.360975266,1,NaN,NaN
0.94789046,NaN,2,NaN
0.270306379,1,NaN,NaN
0.887038708,1,NaN,NaN
0.453091055,NaN,2,NaN
0.303656548,NaN,2,NaN
0.360975266,NaN,NaN,3
0.960036933,NaN,2,NaN
0.432520777,NaN,NaN,3
0.776861906,NaN,2,NaN
0.072332315,1,NaN,NaN
0.501963615,NaN,2,NaN
0.960036933,NaN,2,NaN
0.908921003,NaN,NaN,3
0.238480464,1,NaN,NaN
0.093461998,1,NaN,NaN
0.939510882,1,NaN,NaN
0.440792322,NaN,NaN,3
0.965940714,NaN,2,NaN
0.922359824,NaN,2,NaN
0.281449258,1,NaN,NaN
0.900929034,1,NaN,NaN
0.942619443,NaN,NaN,3
0.960043967,NaN,NaN,3
0.939510882,1,NaN,NaN
0.961456835,NaN,NaN,3
0.922532856,1,NaN,NaN
0.238480464,NaN,NaN,3
0.965940714,NaN,2,NaN
0.130003452,1,NaN,NaN
0.887038708,NaN,NaN,3
0.961456835,NaN,NaN,3
0.960043967,NaN,NaN,3
0.902898431,1,NaN,NaN
0.58532089,1,NaN,NaN
0.884222865,NaN,2,NaN
0.902898431,NaN,NaN,3
0.181121677,NaN,NaN,3
0.952962875,NaN,2,NaN
0.974135041,NaN,NaN,3
0.908921003,1,NaN,NaN
0.760424614,NaN,2,NaN
0.960043967,1,NaN,NaN
0.085827127,NaN,NaN,3
0.974135041,1,NaN,NaN
0.041406706,1,NaN,NaN
0.441889226,NaN,NaN,3
0.950175345,1,NaN,NaN
0.072332315,1,NaN,NaN
0.922532856,1,NaN,NaN
0.802586615,NaN,2,NaN
0.316559851,NaN,2,NaN
0.950175345,1,NaN,NaN
0.270306379,1,NaN,NaN
0.960043967,1,NaN,NaN
0.084499359,NaN,NaN,3
0.072332315,1,NaN,NaN
0.942619443,NaN,NaN,3
0.114036284,NaN,2,NaN
0.051143911,1,NaN,NaN
0.162078604,NaN,NaN,3
0.942619443,NaN,NaN,3
0.872855186,NaN,NaN,3
0.898122609,NaN,2,NaN
0.782198191,1,NaN,NaN
0.96941334,NaN,2,NaN
0.922532856,1,NaN,NaN
0.270306379,1,NaN,NaN
0.872855186,1,NaN,NaN
0.051143911,1,NaN,NaN
0.453091055,NaN,2,NaN
0.13173081,NaN,2,NaN
0.181121677,1,NaN,NaN
0.220476165,NaN,2,NaN
0.279691517,NaN,2,NaN
0.87964195,NaN,NaN,3
0.360975266,NaN,NaN,3
0.97224468,NaN,2,NaN
0.637626231,NaN,2,NaN
0.950175345,1,NaN,NaN
0.898122609,NaN,2,NaN
0.258479685,NaN,NaN,3
0.326537848,NaN,2,NaN
0.817227721,NaN,NaN,3
0.960043967,1,NaN,NaN
0.106641263,NaN,2,NaN
0.145333454,1,NaN,NaN
0.968584955,NaN,NaN,3
0.607900083,NaN,2,NaN
0.33001551,1,NaN,NaN
0.316559851,NaN,2,NaN
0.872855186,NaN,NaN,3
0.345757544,NaN,NaN,3
0.872855186,1,NaN,NaN
0.884222865,NaN,2,NaN
0.360975266,NaN,NaN,3
0.653122962,NaN,NaN,3
0.270306379,NaN,NaN,3
0.238480464,NaN,NaN,3
0.051143911,NaN,NaN,3
0.345757544,1,NaN,NaN
0.270306379,NaN,NaN,3
0.776861906,NaN,2,NaN
0.193325385,1,NaN,NaN
0.736887753,NaN,NaN,3
0.927991807,NaN,2,NaN
0.965607047,NaN,NaN,3
0.974135041,1,NaN,NaN
0.345757544,NaN,NaN,3
0.960043967,NaN,NaN,3
0.872855186,1,NaN,NaN
0.238480464,NaN,NaN,3
0.951740444,NaN,2,NaN
0.736887753,1,NaN,NaN
0.58532089,1,NaN,NaN
0.345757544,NaN,NaN,3
0.793306947,NaN,NaN,3
0.345757544,1,NaN,NaN
0.58532089,1,NaN,NaN
0.104312927,NaN,2,NaN
0.297339231,1,NaN,NaN
0.802586615,NaN,2,NaN
0.956047118,NaN,NaN,3
0.345757544,1,NaN,NaN
0.761114776,1,NaN,NaN
0.372296005,NaN,NaN,3
0.653122962,1,NaN,NaN
0.922359824,NaN,2,NaN
0.360975266,1,NaN,NaN
0.887116849,NaN,NaN,3
0.974135041,NaN,NaN,3
0.395744413,1,NaN,NaN
0.212000683,NaN,2,NaN
0.181121677,NaN,NaN,3
0.093461998,1,NaN,NaN
0.293639034,NaN,NaN,3
0.187820703,1,NaN,NaN
0.6493572,1,NaN,NaN
0.093461998,1,NaN,NaN
0.902898431,1,NaN,NaN
0.973990798,NaN,2,NaN
0.653122962,NaN,NaN,3
0.895130694,NaN,NaN,3
0.187820703,NaN,NaN,3
0.234392062,1,NaN,NaN
0.908921003,NaN,NaN,3
0.882967472,NaN,2,NaN
0.425917059,NaN,2,NaN
0.776861906,NaN,2,NaN
0.552348495,NaN,2,NaN
0.944947481,1,NaN,NaN
0.051143911,1,NaN,NaN
0.942619443,NaN,NaN,3
0.973990798,NaN,2,NaN
0.552348495,NaN,2,NaN
0.653122962,NaN,NaN,3
0.887038708,1,NaN,NaN
0.441941738,1,NaN,NaN
0.238480464,1,NaN,NaN
0.974135041,1,NaN,NaN
0.887116849,1,NaN,NaN
0.23956266,NaN,2,NaN
0.956047118,1,NaN,NaN
0.360975266,NaN,NaN,3
0.372296005,NaN,NaN,3
0.072332315,1,NaN,NaN
0.148929998,1,NaN,NaN
0.942619443,1,NaN,NaN
0.960726798,NaN,NaN,3
0.181121677,NaN,NaN,3
0.234129354,1,NaN,NaN
0.663137794,NaN,NaN,3
0.093461998,NaN,NaN,3
0.181121677,1,NaN,NaN
0.745668769,NaN,2,NaN
0.209053218,1,NaN,NaN
0.968716264,1,NaN,NaN
0.552348495,NaN,2,NaN
0.950175345,1,NaN,NaN
0.887038708,NaN,NaN,3
0.279691517,NaN,2,NaN
0.974135041,1,NaN,NaN
0.961456835,NaN,NaN,3
0.360975266,1,NaN,NaN
0.872855186,NaN,NaN,3
0.884222865,NaN,2,NaN
0.887983501,NaN,2,NaN
0.238480464,1,NaN,NaN
0.163293183,NaN,2,NaN
0.802586615,NaN,2,NaN
0.181121677,NaN,NaN,3
0.653122962,1,NaN,NaN
0.11435809,1,NaN,NaN
0.607900083,NaN,2,NaN
0.432520777,NaN,NaN,3
0.950175345,1,NaN,NaN
0.745668769,NaN,2,NaN
0.372296005,1,NaN,NaN
0.360975266,NaN,NaN,3
0.432520777,1,NaN,NaN
0.11435809,1,NaN,NaN
0.887116849,1,NaN,NaN
0.954525292,NaN,2,NaN
0.106641263,NaN,2,NaN
0.782198191,NaN,NaN,3
0.898122609,NaN,2,NaN
0.33357498,NaN,NaN,3
0.956047118,1,NaN,NaN
0.736887753,NaN,NaN,3
0.220476165,NaN,2,NaN
0.929427028,NaN,2,NaN
0.939510882,NaN,NaN,3
0.293639034,NaN,NaN,3
0.432520777,NaN,NaN,3
0.360975266,1,NaN,NaN
0.145333454,NaN,NaN,3
0.872855186,NaN,NaN,3
0.887116849,1,NaN,NaN
0.181121677,1,NaN,NaN
0.942619443,NaN,NaN,3
0.653122962,1,NaN,NaN
0.453091055,NaN,2,NaN
0.956047118,1,NaN,NaN
0.58532089,1,NaN,NaN
0.655170381,NaN,2,NaN
0.908921003,1,NaN,NaN
0.40800029,NaN,2,NaN
0.045473021,NaN,NaN,3
0.421680391,NaN,2,NaN
0.187820703,NaN,NaN,3
0.908921003,1,NaN,NaN
0.97224468,NaN,2,NaN
0.492236853,NaN,2,NaN
0.163293183,NaN,2,NaN
0.548882306,1,NaN,NaN
0.360975266,1,NaN,NaN
0.973990798,NaN,2,NaN
0.694841027,NaN,NaN,3
0.163293183,NaN,2,NaN
0.977680027,NaN,2,NaN
0.956047118,NaN,NaN,3
0.518498719,1,NaN,NaN
0.832317948,NaN,2,NaN
0.24721837,NaN,2,NaN
0.653122962,NaN,NaN,3
0.887038708,NaN,NaN,3
0.066100329,1,NaN,NaN
0.83395803,NaN,2,NaN
0.432520777,1,NaN,NaN
0.970912933,NaN,2,NaN
0.922359824,NaN,2,NaN
0.552348495,NaN,2,NaN
0.950175345,1,NaN,NaN
0.066100329,1,NaN,NaN
0.736887753,NaN,NaN,3
0.974135041,1,NaN,NaN
0.58532089,1,NaN,NaN
0.106641263,NaN,2,NaN
0.653122962,1,NaN,NaN
0.345757544,NaN,NaN,3
0.293639034,NaN,NaN,3
0.922532856,NaN,NaN,3
0.961456835,NaN,NaN,3
0.238480464,NaN,NaN,3
0.106641263,NaN,2,NaN
0.872855186,1,NaN,NaN
0.965940714,NaN,2,NaN
0.360975266,1,NaN,NaN
0.969425678,NaN,2,NaN
0.6493572,NaN,NaN,3
0.326537848,NaN,2,NaN
0.372296005,NaN,NaN,3
0.872855186,1,NaN,NaN
0.33001551,1,NaN,NaN
0.974135041,NaN,NaN,3
0.956047118,NaN,NaN,3
0.961456835,1,NaN,NaN
0.736887753,1,NaN,NaN
0.421680391,NaN,2,NaN
0.072332315,1,NaN,NaN
0.270306379,1,NaN,NaN
0.360975266,1,NaN,NaN
0.114036284,NaN,2,NaN
0.220476165,NaN,2,NaN
0.372296005,1,NaN,NaN
0.782198191,NaN,NaN,3
0.118368067,NaN,NaN,3
0.432520777,NaN,NaN,3
0.072332315,NaN,NaN,3
0.939510882,1,NaN,NaN
0.453091055,NaN,2,NaN
0.072332315,1,NaN,NaN
0.47222811,NaN,2,NaN
0.051143911,NaN,NaN,3
0.432520777,NaN,NaN,3
0.066100329,1,NaN,NaN
0.535619974,NaN,2,NaN
0.90719676,NaN,NaN,3
0.432520777,1,NaN,NaN
0.926077366,NaN,2,NaN
0.973990798,NaN,2,NaN
0.093461998,1,NaN,NaN
0.963526785,NaN,2,NaN
0.163293183,NaN,2,NaN
0.293639034,NaN,NaN,3
0.552348495,NaN,2,NaN
0.176924497,NaN,NaN,3
0.745668769,NaN,2,NaN
0.961425185,NaN,NaN,3
0.187960744,1,NaN,NaN
0.884222865,NaN,2,NaN
0.58532089,1,NaN,NaN
0.969425678,NaN,2,NaN
0.421680391,NaN,2,NaN
0.680089295,1,NaN,NaN
0.872855186,1,NaN,NaN
0.950175345,NaN,NaN,3
0.948390067,NaN,NaN,3
0.425917059,NaN,2,NaN
0.762353837,NaN,NaN,3
0.819181919,NaN,2,NaN
0.965799272,NaN,2,NaN
0.114036284,NaN,2,NaN
0.889835,NaN,NaN,3
0.881186485,NaN,NaN,3
0.125403687,NaN,2,NaN
0.889810443,NaN,2,NaN
0.974135041,1,NaN,NaN
0.698932171,NaN,2,NaN
0.961456835,1,NaN,NaN
0.432520777,1,NaN,NaN
0.907001853,NaN,NaN,3
0.372296005,1,NaN,NaN
0.425917059,NaN,2,NaN
0.616854548,NaN,NaN,3
0.150272876,NaN,NaN,3
0.238480464,NaN,NaN,3
0.965940714,NaN,2,NaN
0.903312027,1,NaN,NaN
0.326537848,NaN,2,NaN
0.58532089,1,NaN,NaN
0.291685075,NaN,2,NaN
0.453091055,NaN,2,NaN
0.942619443,1,NaN,NaN
0.736887753,NaN,NaN,3
0.776861906,NaN,2,NaN
0.926077366,NaN,2,NaN
0.960043967,1,NaN,NaN
0.887116849,NaN,NaN,3
0.916056812,NaN,2,NaN
0.965940714,NaN,2,NaN
0.238480464,1,NaN,NaN
0.220476165,NaN,2,NaN
0.872855186,1,NaN,NaN
0.453091055,NaN,2,NaN
0.969425678,NaN,2,NaN
0.965940714,NaN,2,NaN
0.114036284,NaN,2,NaN
0.869817138,NaN,2,NaN
0.634545922,1,NaN,NaN
0.960043967,NaN,NaN,3
0.887038708,NaN,NaN,3
0.297339231,NaN,NaN,3
0.782198191,1,NaN,NaN
0.552348495,NaN,2,NaN
0.214414194,NaN,2,NaN
0.051143911,NaN,NaN,3
0.432520777,NaN,NaN,3
0.293639034,1,NaN,NaN
0.902898431,1,NaN,NaN
0.072332315,NaN,NaN,3
0.372296005,NaN,NaN,3
0.974135041,NaN,NaN,3
0.040782284,NaN,NaN,3
0.293639034,1,NaN,NaN
0.114036284,NaN,2,NaN
0.961456835,NaN,NaN,3
0.093461998,NaN,NaN,3
0.956047118,1,NaN,NaN
0.360975266,NaN,NaN,3
0.270306379,NaN,NaN,3
0.845005751,NaN,NaN,3
0.106641263,NaN,2,NaN
0.900729597,1,NaN,NaN
0.729465306,1,NaN,NaN
0.932742357,NaN,2,NaN
0.130003452,NaN,NaN,3
0.220476165,NaN,2,NaN
0.929427028,NaN,2,NaN
0.432520777,1,NaN,NaN
0.960043967,1,NaN,NaN
0.432520777,1,NaN,NaN
0.82518065,NaN,2,NaN
0.97224468,NaN,2,NaN
0.922359824,NaN,2,NaN
0.238480464,1,NaN,NaN
0.181121677,NaN,NaN,3
0.961456835,1,NaN,NaN
0.066100329,NaN,NaN,3
0.270306379,NaN,NaN,3
0.922532856,NaN,NaN,3
0.130787,NaN,NaN,3
0.802586615,NaN,2,NaN
0.902898431,1,NaN,NaN
0.950175345,NaN,NaN,3
0.279691517,NaN,2,NaN
0.615120709,NaN,2,NaN
0.960036933,NaN,2,NaN
0.58532089,NaN,NaN,3
0.345757544,1,NaN,NaN
0.736887753,1,NaN,NaN
0.887116849,1,NaN,NaN
0.872855186,NaN,NaN,3
0.316559851,NaN,2,NaN
0.965466678,NaN,2,NaN
0.279691517,NaN,2,NaN
0.360975266,1,NaN,NaN
0.782198191,NaN,NaN,3
0.453091055,NaN,2,NaN
0.898122609,NaN,2,NaN
0.061952036,NaN,NaN,3
0.661943972,NaN,2,NaN
0.922359824,NaN,2,NaN
0.926077366,NaN,2,NaN
0.898122609,NaN,2,NaN
0.607900083,NaN,2,NaN
0.58532089,1,NaN,NaN
0.214124158,NaN,NaN,3
0.58532089,NaN,NaN,3
0.072332315,1,NaN,NaN
0.968348205,NaN,2,NaN
0.326537848,NaN,2,NaN
0.072332315,1,NaN,NaN
0.928569436,NaN,2,NaN
0.58532089,1,NaN,NaN
0.942619443,1,NaN,NaN
0.187820703,NaN,NaN,3
0.754354358,1,NaN,NaN
0.920121789,NaN,NaN,3
0.895394206,1,NaN,NaN
0.956047118,NaN,NaN,3
0.851524055,NaN,NaN,3
0.270306379,NaN,NaN,3
0.973990798,NaN,2,NaN
0.898122609,NaN,2,NaN
0.887116849,NaN,NaN,3
0.372296005,1,NaN,NaN
0.11435809,1,NaN,NaN
0.745668769,NaN,2,NaN
0.316559851,NaN,2,NaN
0.615120709,NaN,2,NaN
0.908921003,1,NaN,NaN
0.680089295,NaN,NaN,3
0.939510882,NaN,NaN,3
0.960036933,NaN,2,NaN
0.913907409,1,NaN,NaN
0.497012734,1,NaN,NaN
0.922532856,1,NaN,NaN
0.293639034,NaN,NaN,3
0.960043967,NaN,NaN,3
0.960036933,NaN,2,NaN
0.066100329,NaN,NaN,3
0.11435809,NaN,NaN,3
0.242351562,NaN,2,NaN
0.977680027,NaN,2,NaN
0.884222865,NaN,2,NaN
0.630637825,1,NaN,NaN
0.922532856,1,NaN,NaN
0.044328522,1,NaN,NaN
0.066100329,1,NaN,NaN
0.653122962,NaN,NaN,3
0.887116849,1,NaN,NaN
0.093461998,1,NaN,NaN
0.921278656,NaN,NaN,3
0.072332315,NaN,NaN,3
0.093461998,NaN,NaN,3
0.060129829,1,NaN,NaN
0.901114106,NaN,2,NaN
0.138889283,NaN,NaN,3
0.106641263,NaN,2,NaN
0.950175345,NaN,NaN,3
0.950175345,1,NaN,NaN
0.908921003,1,NaN,NaN
0.745668769,NaN,2,NaN
0.11435809,1,NaN,NaN
0.360975266,1,NaN,NaN
0.238480464,NaN,NaN,3
0.372296005,NaN,NaN,3
0.887038708,1,NaN,NaN
0.637359262,NaN,2,NaN
0.345757544,1,NaN,NaN
0.902898431,NaN,NaN,3
0.72041446,1,NaN,NaN
0.956047118,1,NaN,NaN
0.425917059,NaN,2,NaN
0.887116849,1,NaN,NaN
0.114036284,NaN,2,NaN
0.782198191,1,NaN,NaN
0.118368067,1,NaN,NaN
0.49718684,1,NaN,NaN
0.939510882,1,NaN,NaN
0.238480464,NaN,NaN,3
0.745668769,NaN,2,NaN
0.421680391,NaN,2,NaN
0.372296005,1,NaN,NaN
0.882790387,NaN,NaN,3
0.969425678,NaN,2,NaN
0.58532089,1,NaN,NaN
0.154152051,NaN,NaN,3
0.960043967,1,NaN,NaN
0.39356932,NaN,2,NaN
0.106641263,NaN,2,NaN
0.220476165,NaN,2,NaN
0.736887753,1,NaN,NaN
0.58532089,NaN,NaN,3
0.698932171,NaN,2,NaN
0.950175345,1,NaN,NaN
0.372296005,1,NaN,NaN
0.52405256,NaN,NaN,3
0.961456835,NaN,NaN,3
0.956047118,NaN,NaN,3
0.902898431,1,NaN,NaN
0.163293183,NaN,2,NaN
0.488627106,NaN,2,NaN
0.745668769,NaN,2,NaN
0.045473021,1,NaN,NaN
0.961456835,1,NaN,NaN
0.360975266,1,NaN,NaN
0.934907258,1,NaN,NaN
0.960043967,NaN,NaN,3
0.902898431,NaN,NaN,3
0.072332315,1,NaN,NaN
0.372296005,1,NaN,NaN
0.942619443,NaN,NaN,3
0.887038708,1,NaN,NaN
0.360975266,NaN,NaN,3
0.97224468,NaN,2,NaN
0.461137891,NaN,2,NaN
0.360975266,NaN,NaN,3
0.278274506,NaN,NaN,3
0.178561866,NaN,NaN,3
0.05036556,1,NaN,NaN
0.040782284,1,NaN,NaN
0.122275464,NaN,2,NaN
0.974135041,1,NaN,NaN
0.887116849,1,NaN,NaN
0.887116849,1,NaN,NaN
0.066100329,1,NaN,NaN
0.926077366,NaN,2,NaN
0.11435809,1,NaN,NaN
0.372296005,NaN,NaN,3
0.745668769,NaN,2,NaN
0.965466678,NaN,2,NaN
0.960043967,NaN,NaN,3
0.066100329,NaN,NaN,3
0.887116849,NaN,NaN,3
0.939510882,NaN,NaN,3
0.11435809,1,NaN,NaN
0.653122962,1,NaN,NaN
0.360975266,NaN,NaN,3
0.698932171,NaN,2,NaN
0.360975266,1,NaN,NaN
0.908921003,1,NaN,NaN
0.960036933,NaN,2,NaN
0.958928943,NaN,2,NaN
0.922532856,NaN,NaN,3
0.956047118,1,NaN,NaN
0.116066873,NaN,NaN,3
0.453091055,NaN,2,NaN
0.811109841,NaN,NaN,3
0.106641263,NaN,2,NaN
0.62013948,NaN,NaN,3
0.111015081,NaN,2,NaN
0.736887753,1,NaN,NaN
0.279691517,NaN,2,NaN
0.653122962,1,NaN,NaN
0.066100329,NaN,NaN,3
0.736887753,1,NaN,NaN
0.072332315,NaN,NaN,3
0.064512499,NaN,NaN,3
0.220476165,NaN,2,NaN
0.607900083,NaN,2,NaN
0.942619443,NaN,NaN,3
0.902898431,NaN,NaN,3
0.887116849,1,NaN,NaN
0.345757544,NaN,NaN,3
0.063812621,1,NaN,NaN
0.08331427,NaN,NaN,3
0.902898431,1,NaN,NaN
0.887038708,NaN,NaN,3
0.432520777,NaN,NaN,3
0.920121789,1,NaN,NaN
0.964303374,1,NaN,NaN
0.163293183,NaN,2,NaN
0.317539722,NaN,2,NaN
0.455863476,NaN,2,NaN
0.372296005,NaN,NaN,3
0.093461998,NaN,NaN,3
0.939510882,1,NaN,NaN
0.908921003,NaN,NaN,3
0.279691517,NaN,2,NaN
0.031451099,1,NaN,NaN
0.887038708,NaN,NaN,3
0.072332315,NaN,NaN,3
0.360975266,NaN,NaN,3
0.872855186,NaN,NaN,3
0.270306379,1,NaN,NaN
0.969425678,NaN,2,NaN
0.095507659,NaN,NaN,3
0.072332315,1,NaN,NaN
0.819340825,NaN,2,NaN
0.956047118,1,NaN,NaN
0.425917059,NaN,2,NaN
0.453091055,NaN,2,NaN
0.736887753,1,NaN,NaN
0.807849884,NaN,2,NaN
0.939510882,NaN,NaN,3
0.360975266,1,NaN,NaN
0.150272876,1,NaN,NaN
0.887038708,1,NaN,NaN
0.956047118,NaN,NaN,3
0.034964632,1,NaN,NaN
0.152980477,NaN,2,NaN
0.58532089,NaN,NaN,3
0.152980477,NaN,2,NaN
0.279691517,NaN,2,NaN
0.254581004,NaN,NaN,3
0.887038708,NaN,NaN,3
0.923202574,NaN,2,NaN
0.106641263,NaN,2,NaN
0.293639034,1,NaN,NaN
0.163293183,NaN,2,NaN
0.619086564,NaN,2,NaN
0.432520777,NaN,NaN,3
0.977680027,NaN,2,NaN
0.960036933,NaN,2,NaN
0.745668769,NaN,2,NaN
0.965466678,NaN,2,NaN
0.066100329,1,NaN,NaN
0.950175345,1,NaN,NaN
0.956047118,1,NaN,NaN
0.421680391,NaN,2,NaN
0.939510882,NaN,NaN,3
0.316559851,NaN,2,NaN
0.793306947,1,NaN,NaN
0.114036284,NaN,2,NaN
0.952744663,1,NaN,NaN
0.58532089,NaN,NaN,3
0.163293183,NaN,2,NaN
0.929427028,NaN,2,NaN
0.922532856,NaN,NaN,3
0.736887753,NaN,NaN,3
0.293639034,1,NaN,NaN
0.270306379,1,NaN,NaN
0.942619443,1,NaN,NaN
0.372296005,1,NaN,NaN
0.922532856,NaN,NaN,3
0.316559851,NaN,2,NaN
0.887116849,1,NaN,NaN
0.238480464,1,NaN,NaN
0.939510882,1,NaN,NaN
0.653122962,NaN,NaN,3
0.360975266,NaN,NaN,3
0.360975266,1,NaN,NaN
0.152980477,NaN,2,NaN
0.922359824,NaN,2,NaN
0.887038708,NaN,NaN,3
0.964219332,NaN,NaN,3
0.066100329,1,NaN,NaN
0.345757544,1,NaN,NaN
0.270306379,NaN,NaN,3
0.220476165,NaN,2,NaN
0.360975266,1,NaN,NaN
0.901114106,NaN,2,NaN
0.967566848,NaN,2,NaN
0.114036284,NaN,2,NaN
0.956047118,NaN,NaN,3
0.181121677,NaN,NaN,3
0.135991424,1,NaN,NaN
0.152980477,NaN,2,NaN
0.887116849,NaN,NaN,3
0.950175345,NaN,NaN,3
0.939510882,NaN,NaN,3
0.951842844,NaN,2,NaN
0.086866058,NaN,2,NaN
0.372296005,NaN,NaN,3
0.293639034,1,NaN,NaN
0.152980477,NaN,2,NaN
0.181121677,NaN,NaN,3
0.172727987,1,NaN,NaN
0.174518511,NaN,2,NaN
0.066100329,NaN,NaN,3
0.942619443,1,NaN,NaN
0.653122962,1,NaN,NaN
0.908921003,NaN,NaN,3
0.961456835,1,NaN,NaN
0.453091055,NaN,2,NaN
0.425917059,NaN,2,NaN
0.887116849,NaN,NaN,3
0.745668769,NaN,2,NaN
0.961456835,NaN,NaN,3
0.956047118,NaN,NaN,3
0.942619443,1,NaN,NaN
0.902898431,1,NaN,NaN
0.922359824,NaN,2,NaN
0.960043967,NaN,NaN,3
0.942619443,NaN,NaN,3
0.965940714,NaN,2,NaN
0.9630934,NaN,2,NaN
0.469052911,NaN,NaN,3
0.270306379,1,NaN,NaN
0.432520777,1,NaN,NaN
0.908921003,NaN,NaN,3
0.922532856,1,NaN,NaN
0.061090276,1,NaN,NaN
0.961456835,1,NaN,NaN
0.827987194,1,NaN,NaN
0.031819008,1,NaN,NaN
0.908921003,NaN,NaN,3
0.114036284,NaN,2,NaN
0.106641263,NaN,2,NaN
0.653122962,NaN,NaN,3
0.908921003,1,NaN,NaN
0.326537848,NaN,2,NaN
0.908921003,1,NaN,NaN
0.736887753,1,NaN,NaN
0.887116849,NaN,NaN,3
0.425917059,NaN,2,NaN
0.889051855,1,NaN,NaN
0.152980477,NaN,2,NaN
0.653122962,NaN,NaN,3
0.961456835,NaN,NaN,3
0.776861906,NaN,2,NaN
0.293639034,NaN,NaN,3
0.949374735,NaN,NaN,3
0.906712949,1,NaN,NaN
0.187820703,1,NaN,NaN
0.965940714,NaN,2,NaN
0.782198191,NaN,NaN,3
0.220476165,NaN,2,NaN
0.977680027,NaN,2,NaN
0.887116849,NaN,NaN,3
0.106641263,NaN,2,NaN
0.642888367,NaN,NaN,3
0.908921003,NaN,NaN,3
0.776861906,NaN,2,NaN
0.960036933,NaN,2,NaN
0.937520564,NaN,NaN,3
0.902898431,NaN,NaN,3
0.072332315,1,NaN,NaN
0.968716264,NaN,NaN,3
0.922532856,NaN,NaN,3
0.698932171,NaN,2,NaN
0.939510882,NaN,NaN,3
0.969425678,NaN,2,NaN
0.58532089,1,NaN,NaN
0.360975266,1,NaN,NaN
0.942619443,1,NaN,NaN
0.816484094,1,NaN,NaN
0.220476165,NaN,2,NaN
0.836268425,1,NaN,NaN
0.206629276,NaN,NaN,3
0.973990798,NaN,2,NaN
0.977680027,NaN,2,NaN
0.902898431,1,NaN,NaN
0.066100329,1,NaN,NaN
0.960043967,NaN,NaN,3
0.872855186,1,NaN,NaN
0.360975266,NaN,NaN,3
0.425917059,NaN,2,NaN
0.181121677,NaN,NaN,3
0.882396042,NaN,2,NaN
0.395744413,NaN,NaN,3
0.360975266,1,NaN,NaN
0.58532089,1,NaN,NaN
0.856548429,NaN,2,NaN
0.425917059,NaN,2,NaN
0.360975266,NaN,NaN,3
0.112010412,1,NaN,NaN
0.887038708,NaN,NaN,3
0.956047118,1,NaN,NaN
0.114036284,NaN,2,NaN
0.949305475,NaN,NaN,3
0.220476165,NaN,2,NaN
0.974135041,NaN,NaN,3
0.425917059,NaN,2,NaN
0.421680391,NaN,2,NaN
0.345757544,NaN,NaN,3
0.942619443,NaN,NaN,3
0.163293183,NaN,2,NaN
0.974135041,NaN,NaN,3
0.566896141,NaN,NaN,3
0.736887753,NaN,NaN,3
0.066100329,1,NaN,NaN
0.303656548,NaN,2,NaN
0.181121677,NaN,NaN,3
0.072332315,NaN,NaN,3
0.974135041,NaN,NaN,3
0.152980477,NaN,2,NaN
0.969425678,NaN,2,NaN
0.238480464,1,NaN,NaN
0.541668117,NaN,2,NaN
0.360975266,1,NaN,NaN
0.922532856,NaN,NaN,3
0.961456835,1,NaN,NaN
0.922532856,NaN,NaN,3
0.607900083,NaN,2,NaN
0.956047118,1,NaN,NaN
0.973990798,NaN,2,NaN
0.850975096,NaN,2,NaN
0.911068559,NaN,NaN,3
0.094757773,1,NaN,NaN
0.973990798,NaN,2,NaN
0.58532089,1,NaN,NaN
0.907498837,1,NaN,NaN
0.326537848,NaN,2,NaN
0.58532089,1,NaN,NaN
0.360975266,NaN,NaN,3
0.106641263,NaN,2,NaN
0.929427028,NaN,2,NaN
0.360975266,NaN,NaN,3
0.932807982,1,NaN,NaN
0.11435809,NaN,NaN,3
0.190068379,1,NaN,NaN
0.372296005,1,NaN,NaN
0.908921003,NaN,NaN,3
0.782198191,1,NaN,NaN
0.238480464,NaN,NaN,3
0.942619443,1,NaN,NaN
0.58532089,1,NaN,NaN
0.845005751,1,NaN,NaN
0.175194666,NaN,2,NaN
0.279691517,NaN,2,NaN
0.887038708,1,NaN,NaN
0.884222865,NaN,2,NaN
0.051143911,1,NaN,NaN
0.939510882,NaN,NaN,3
0.181121677,NaN,NaN,3
0.939510882,1,NaN,NaN
0.969425678,NaN,2,NaN
0.960036933,NaN,2,NaN
0.810124934,NaN,2,NaN
0.293639034,NaN,NaN,3
0.316559851,NaN,2,NaN
0.181121677,1,NaN,NaN
0.898122609,NaN,2,NaN
0.736887753,1,NaN,NaN
0.667777717,1,NaN,NaN
0.395980448,1,NaN,NaN
0.901114106,NaN,2,NaN
0.949062407,NaN,NaN,3
0.902898431,1,NaN,NaN
0.965466678,NaN,2,NaN
0.343075484,NaN,2,NaN
0.908921003,1,NaN,NaN
0.05036556,NaN,NaN,3
0.552348495,NaN,2,NaN
0.942037642,NaN,2,NaN
0.187820703,1,NaN,NaN
0.653122962,1,NaN,NaN
0.969425678,NaN,2,NaN
0.944357216,1,NaN,NaN
0.977680027,NaN,2,NaN
0.887116849,NaN,NaN,3
0.326537848,NaN,2,NaN
0.54354459,NaN,2,NaN
0.898122609,NaN,2,NaN
0.901114106,NaN,2,NaN
0.653122962,NaN,NaN,3
0.293639034,1,NaN,NaN
0.316559851,NaN,2,NaN
0.802586615,NaN,2,NaN
0.782198191,NaN,NaN,3
0.114036284,NaN,2,NaN
0.887116849,1,NaN,NaN
0.872855186,1,NaN,NaN
0.345757544,NaN,NaN,3
0.051143911,1,NaN,NaN
0.782198191,1,NaN,NaN
0.745668769,NaN,2,NaN
0.901114106,NaN,2,NaN
0.238480464,NaN,NaN,3
0.965466678,NaN,2,NaN
0.726184547,NaN,2,NaN
0.901114106,NaN,2,NaN
0.956047118,NaN,NaN,3
0.959914446,1,NaN,NaN
0.181121677,1,NaN,NaN
0.270306379,1,NaN,NaN
0.345757544,NaN,NaN,3
0.279691517,NaN,2,NaN
0.926077366,NaN,2,NaN
0.152980477,NaN,2,NaN
0.40293023,NaN,2,NaN
0.776861906,NaN,2,NaN
0.950175345,1,NaN,NaN
0.745668769,NaN,2,NaN
0.029455081,1,NaN,NaN
0.653122962,NaN,NaN,3
0.872855186,1,NaN,NaN
0.528676629,NaN,2,NaN
0.713348806,NaN,NaN,3
0.181121677,NaN,NaN,3
0.425917059,NaN,2,NaN
0.58532089,NaN,NaN,3
0.736887753,1,NaN,NaN
0.828815877,NaN,2,NaN
0.293639034,1,NaN,NaN
0.956047118,NaN,NaN,3
0.092921346,1,NaN,NaN
0.922532856,1,NaN,NaN
0.902898431,NaN,NaN,3
0.965940714,NaN,2,NaN
0.187820703,1,NaN,NaN
0.093461998,NaN,NaN,3
0.49162221,1,NaN,NaN
0.7071172,NaN,NaN,3
0.922532856,1,NaN,NaN
0.11435809,NaN,NaN,3
0.360975266,1,NaN,NaN
0.11435809,NaN,NaN,3
0.776861906,NaN,2,NaN
0.360975266,NaN,NaN,3
0.425917059,NaN,2,NaN
0.929427028,NaN,2,NaN
0.072332315,1,NaN,NaN
0.345757544,1,NaN,NaN
0.066100329,1,NaN,NaN
0.902898431,1,NaN,NaN
0.103124253,1,NaN,NaN
0.698932171,NaN,2,NaN
0.884222865,NaN,2,NaN
0.974135041,NaN,NaN,3
0.360975266,NaN,NaN,3
0.969425678,NaN,2,NaN
0.072332315,1,NaN,NaN
0.425917059,NaN,2,NaN
0.596462667,NaN,2,NaN
0.887116849,1,NaN,NaN
0.922532856,1,NaN,NaN
0.181121677,NaN,NaN,3
0.833321869,NaN,2,NaN
0.208941057,1,NaN,NaN
0.799770653,NaN,2,NaN
0.782198191,1,NaN,NaN
0.721796989,NaN,2,NaN
0.961456835,1,NaN,NaN
0.360975266,NaN,NaN,3
0.973990798,NaN,2,NaN
0.960043967,1,NaN,NaN
0.615120709,NaN,2,NaN
0.425917059,NaN,2,NaN
0.782198191,NaN,NaN,3
0.872855186,NaN,NaN,3
0.969425678,NaN,2,NaN
0.11435809,NaN,NaN,3
0.884222865,NaN,2,NaN
0.066100329,1,NaN,NaN
0.11435809,NaN,NaN,3
0.552348495,NaN,2,NaN
0.799030244,1,NaN,NaN
0.345757544,1,NaN,NaN
0.908921003,1,NaN,NaN
0.421680391,NaN,2,NaN
0.187820703,NaN,NaN,3
0.884222865,NaN,2,NaN
0.926077366,NaN,2,NaN
0.951959193,1,NaN,NaN
0.345757544,NaN,NaN,3
0.11435809,NaN,NaN,3
0.345757544,NaN,NaN,3
0.11435809,NaN,NaN,3
0.961456835,1,NaN,NaN
0.58532089,1,NaN,NaN
0.293639034,1,NaN,NaN
0.029455081,NaN,NaN,3
0.360975266,NaN,NaN,3
0.187820703,1,NaN,NaN
0.566896141,1,NaN,NaN
0.093461998,NaN,NaN,3
0.736887753,1,NaN,NaN
0.872855186,NaN,NaN,3
0.360975266,1,NaN,NaN
0.736887753,1,NaN,NaN
0.776861906,NaN,2,NaN
0.961456835,NaN,NaN,3
0.943144023,NaN,NaN,3
0.548882306,NaN,NaN,3
0.238480464,NaN,NaN,3
0.187820703,1,NaN,NaN
0.908921003,1,NaN,NaN
0.607900083,NaN,2,NaN
0.939510882,NaN,NaN,3
0.345757544,1,NaN,NaN
0.238480464,NaN,NaN,3
0.458883435,NaN,2,NaN
0.051143911,1,NaN,NaN
0.061120614,1,NaN,NaN
0.607900083,NaN,2,NaN
0.956047118,1,NaN,NaN
0.093461998,1,NaN,NaN
0.849748015,NaN,2,NaN
0.965466678,NaN,2,NaN
0.152185649,1,NaN,NaN
0.902898431,NaN,NaN,3
0.929427028,NaN,2,NaN
0.072332315,NaN,NaN,3
0.372296005,NaN,NaN,3
0.187820703,1,NaN,NaN
0.093461998,1,NaN,NaN
0.745035052,1,NaN,NaN
0.653122962,NaN,NaN,3
0.114271387,1,NaN,NaN
0.163293183,NaN,2,NaN
0.965940714,NaN,2,NaN
0.698932171,NaN,2,NaN
0.745668769,NaN,2,NaN
0.326537848,NaN,2,NaN
0.345757544,1,NaN,NaN
0.937520564,1,NaN,NaN
0.066100329,NaN,NaN,3
0.778098464,NaN,2,NaN
0.552348495,NaN,2,NaN
0.453091055,NaN,2,NaN
0.187820703,1,NaN,NaN
0.736887753,NaN,NaN,3
0.949953079,1,NaN,NaN
0.177278742,NaN,2,NaN
0.345757544,NaN,NaN,3
0.58532089,1,NaN,NaN
0.961456835,1,NaN,NaN
0.973990798,NaN,2,NaN
0.939510882,1,NaN,NaN
0.698932171,NaN,2,NaN
0.960043967,1,NaN,NaN
0.884474277,NaN,2,NaN
0.782198191,NaN,NaN,3
0.066100329,NaN,NaN,3
0.066100329,1,NaN,NaN
0.615120709,NaN,2,NaN
0.393366724,NaN,2,NaN
0.919005513,NaN,NaN,3
0.898122609,NaN,2,NaN
0.97224468,NaN,2,NaN
0.887038708,1,NaN,NaN
0.421680391,NaN,2,NaN
0.453091055,NaN,2,NaN
0.093461998,NaN,NaN,3
0.360975266,NaN,NaN,3
0.922532856,1,NaN,NaN
0.908921003,1,NaN,NaN
0.372296005,1,NaN,NaN
0.157063484,NaN,2,NaN
0.432520777,1,NaN,NaN
0.215551421,NaN,NaN,3
0.432520777,1,NaN,NaN
0.372296005,1,NaN,NaN
0.887116849,1,NaN,NaN
0.610934973,NaN,2,NaN
0.942619443,NaN,NaN,3
0.887116849,NaN,NaN,3
0.58532089,NaN,NaN,3
0.887038708,NaN,NaN,3
0.093461998,1,NaN,NaN
0.453091055,NaN,2,NaN
0.338094145,NaN,2,NaN
0.453091055,NaN,2,NaN
0.956047118,1,NaN,NaN
0.264229804,NaN,2,NaN
0.872855186,NaN,NaN,3
0.658375144,NaN,NaN,3
0.653122962,NaN,NaN,3
0.093461998,1,NaN,NaN
0.901114106,NaN,2,NaN
0.922359824,NaN,2,NaN
0.279691517,NaN,2,NaN
0.061090276,NaN,NaN,3
0.279691517,NaN,2,NaN
0.072332315,1,NaN,NaN
0.293639034,NaN,NaN,3
0.950175345,1,NaN,NaN
0.293639034,NaN,NaN,3
0.432520777,1,NaN,NaN
0.066100329,NaN,NaN,3
0.072332315,NaN,NaN,3
0.360975266,1,NaN,NaN
0.187820703,NaN,NaN,3
0.072332315,1,NaN,NaN
0.960043967,1,NaN,NaN
0.762487113,NaN,2,NaN
0.887038708,1,NaN,NaN
0.114036284,NaN,2,NaN
0.977680027,NaN,2,NaN
0.326537848,NaN,2,NaN
0.698932171,NaN,2,NaN
0.293639034,NaN,NaN,3
0.904874861,NaN,NaN,3
0.922359824,NaN,2,NaN
0.372296005,NaN,NaN,3
0.238480464,NaN,NaN,3
0.942619443,NaN,NaN,3
0.745668769,NaN,2,NaN
0.782198191,NaN,NaN,3
0.776861906,NaN,2,NaN
0.497012734,NaN,NaN,3
0.745668769,NaN,2,NaN
0.974135041,NaN,NaN,3
0.782198191,1,NaN,NaN
0.898122609,NaN,2,NaN
0.246873155,1,NaN,NaN
0.912432492,1,NaN,NaN
0.971041381,NaN,2,NaN
0.923028469,NaN,NaN,3
0.607900083,NaN,2,NaN
0.552348495,NaN,2,NaN
0.345757544,NaN,NaN,3
0.745668769,NaN,2,NaN
0.372296005,1,NaN,NaN
0.152980477,NaN,2,NaN
0.279691517,NaN,2,NaN
0.745668769,NaN,2,NaN
0.865729153,NaN,NaN,3
0.343067884,NaN,2,NaN
0.543259263,1,NaN,NaN
0.898122609,NaN,2,NaN
0.432520777,1,NaN,NaN
0.887038708,1,NaN,NaN
0.745668769,NaN,2,NaN
0.051143911,1,NaN,NaN
0.974135041,NaN,NaN,3
0.270306379,1,NaN,NaN
0.345757544,1,NaN,NaN
0.33001551,NaN,NaN,3
0.114036284,NaN,2,NaN
0.97224468,NaN,2,NaN
0.977680027,NaN,2,NaN
0.922359824,NaN,2,NaN
0.031819008,NaN,NaN,3
0.776861906,NaN,2,NaN
0.453091055,NaN,2,NaN
0.072332315,NaN,NaN,3
0.835559011,1,NaN,NaN
0.181121677,1,NaN,NaN
0.95147568,NaN,2,NaN
0.902898431,1,NaN,NaN
0.421680391,NaN,2,NaN
0.58532089,1,NaN,NaN
0.607900083,NaN,2,NaN
0.929427028,NaN,2,NaN
0.887116849,NaN,NaN,3
0.653122962,1,NaN,NaN
0.58532089,NaN,NaN,3
0.926077366,NaN,2,NaN
0.066100329,NaN,NaN,3
0.922532856,1,NaN,NaN
0.238378331,1,NaN,NaN
0.925824523,NaN,2,NaN
0.187820703,NaN,NaN,3
0.432520777,NaN,NaN,3
0.162078604,1,NaN,NaN
0.802586615,NaN,2,NaN
0.955865502,NaN,NaN,3
0.181121677,NaN,NaN,3
0.051143911,1,NaN,NaN
0.736887753,NaN,NaN,3
0.736887753,1,NaN,NaN
0.887116849,1,NaN,NaN
0.106641263,NaN,2,NaN
0.713348806,1,NaN,NaN
0.518498719,NaN,NaN,3
0.698932171,NaN,2,NaN
0.441889226,1,NaN,NaN
0.902898431,NaN,NaN,3
0.974135041,NaN,NaN,3
0.607900083,NaN,2,NaN
0.922359824,NaN,2,NaN
0.959835291,NaN,2,NaN
0.187820703,NaN,NaN,3
0.093461998,1,NaN,NaN
0.805688024,NaN,2,NaN
0.093461998,1,NaN,NaN
0.454376757,1,NaN,NaN
0.593361676,NaN,NaN,3
0.887038708,1,NaN,NaN
0.956047118,1,NaN,NaN
0.951641321,NaN,NaN,3
0.187820703,NaN,NaN,3
0.939510882,NaN,NaN,3
0.898122609,NaN,2,NaN
0.908921003,1,NaN,NaN
0.11435809,1,NaN,NaN
0.902898431,NaN,NaN,3
0.939510882,1,NaN,NaN
0.485779256,NaN,2,NaN
0.975860357,NaN,2,NaN
0.270306379,NaN,NaN,3
0.939510882,NaN,NaN,3
0.552348495,NaN,2,NaN
0.798829615,1,NaN,NaN
0.887116849,1,NaN,NaN
0.974135041,1,NaN,NaN
0.736887753,1,NaN,NaN
0.251539946,1,NaN,NaN
0.902898431,1,NaN,NaN
0.898122609,NaN,2,NaN
0.745668769,NaN,2,NaN
0.061120614,NaN,NaN,3
0.345757544,NaN,NaN,3
0.922532856,NaN,NaN,3
0.887038708,NaN,NaN,3
0.7251755,NaN,2,NaN
0.453091055,NaN,2,NaN
0.093461998,NaN,NaN,3
0.220476165,NaN,2,NaN
0.941647589,1,NaN,NaN
0.453091055,NaN,2,NaN
0.126852736,NaN,2,NaN
0.889051855,NaN,NaN,3
0.942619443,1,NaN,NaN
0.698932171,NaN,2,NaN
0.736887753,NaN,NaN,3
0.360975266,NaN,NaN,3
0.641017735,NaN,2,NaN
0.187820703,NaN,NaN,3
0.192576453,1,NaN,NaN
0.887116849,NaN,NaN,3
0.360975266,1,NaN,NaN
0.142556757,NaN,NaN,3
0.615120709,NaN,2,NaN
0.973990798,NaN,2,NaN
0.977680027,NaN,2,NaN
0.772910178,1,NaN,NaN
0.922532856,1,NaN,NaN
0.270306379,1,NaN,NaN
0.923028469,1,NaN,NaN
0.801037312,1,NaN,NaN
0.181121677,NaN,NaN,3
0.432520777,1,NaN,NaN
0.776861906,NaN,2,NaN
0.887116849,1,NaN,NaN
0.956047118,NaN,NaN,3
0.152980477,NaN,2,NaN
0.181121677,1,NaN,NaN
0.887038708,1,NaN,NaN
0.072332315,NaN,NaN,3
0.97224468,NaN,2,NaN
0.782198191,1,NaN,NaN
0.922359824,NaN,2,NaN
0.602421582,NaN,NaN,3
0.698932171,NaN,2,NaN
0.950175345,1,NaN,NaN
0.745668769,NaN,2,NaN
0.960043967,NaN,NaN,3
0.360975266,NaN,NaN,3
0.114036284,NaN,2,NaN
0.887038708,NaN,NaN,3
0.745668769,NaN,2,NaN
0.072332315,NaN,NaN,3
0.326537848,NaN,2,NaN
0.111027971,1,NaN,NaN
0.969177485,NaN,2,NaN
0.902898431,1,NaN,NaN
0.11435809,NaN,NaN,3
0.736887753,1,NaN,NaN
0.763069272,NaN,2,NaN
0.891265333,NaN,NaN,3
0.872855186,NaN,NaN,3
0.939510882,NaN,NaN,3
0.11435809,NaN,NaN,3
0.066100329,NaN,NaN,3
0.745668769,NaN,2,NaN
0.372296005,1,NaN,NaN
0.421680391,NaN,2,NaN
0.872855186,1,NaN,NaN
0.066100329,NaN,NaN,3
0.187820703,1,NaN,NaN
0.887116849,1,NaN,NaN
0.372296005,NaN,NaN,3
0.360975266,NaN,NaN,3
0.372296005,NaN,NaN,3
0.653122962,NaN,NaN,3
0.093461998,NaN,NaN,3
0.745668769,NaN,2,NaN
0.965466678,NaN,2,NaN
0.657598019,NaN,NaN,3
0.857671499,NaN,NaN,3
0.745668769,NaN,2,NaN
0.969425678,NaN,2,NaN
0.187820703,NaN,NaN,3
0.956047118,NaN,NaN,3
0.52405256,1,NaN,NaN
0.926077366,NaN,2,NaN
0.326537848,NaN,2,NaN
0.745668769,NaN,2,NaN
0.974135041,1,NaN,NaN
0.270306379,NaN,NaN,3
0.872855186,1,NaN,NaN
0.698932171,NaN,2,NaN
0.432520777,NaN,NaN,3
0.97224468,NaN,2,NaN
0.884222865,NaN,2,NaN
0.372296005,1,NaN,NaN
0.908921003,1,NaN,NaN
0.051143911,NaN,NaN,3
0.956047118,NaN,NaN,3
0.238480464,NaN,NaN,3
0.961456835,NaN,NaN,3
0.922359824,NaN,2,NaN
0.922532856,NaN,NaN,3
0.922532856,NaN,NaN,3
0.960036933,NaN,2,NaN
0.58532089,NaN,NaN,3
0.94653672,1,NaN,NaN
0.782198191,1,NaN,NaN
0.802586615,NaN,2,NaN
0.360975266,1,NaN,NaN
0.432520777,1,NaN,NaN
0.255106091,NaN,NaN,3
0.901047289,NaN,2,NaN
0.552348495,NaN,2,NaN
0.106641263,NaN,2,NaN
0.726184547,NaN,2,NaN
0.950175345,NaN,NaN,3
0.326537848,NaN,2,NaN
0.097251743,1,NaN,NaN
0.902898431,1,NaN,NaN
0.270306379,1,NaN,NaN
0.220476165,NaN,2,NaN
0.922359824,NaN,2,NaN
0.270306379,1,NaN,NaN
0.744139433,NaN,2,NaN
0.293639034,1,NaN,NaN
0.898122609,NaN,2,NaN
0.966202497,NaN,2,NaN
0.902898431,NaN,NaN,3
0.360975266,NaN,NaN,3
0.345757544,1,NaN,NaN
0.066100329,1,NaN,NaN
0.270306379,1,NaN,NaN
0.745668769,NaN,2,NaN
0.432520777,NaN,NaN,3
0.782198191,1,NaN,NaN
0.977680027,NaN,2,NaN
0.922359824,NaN,2,NaN
0.961456835,NaN,NaN,3
0.922359824,NaN,2,NaN
0.051143911,1,NaN,NaN
0.887038708,NaN,NaN,3
0.969425678,NaN,2,NaN
0.238480464,NaN,NaN,3
0.949374735,1,NaN,NaN
0.059865419,NaN,2,NaN
0.397544146,NaN,2,NaN
0.942619443,NaN,NaN,3
0.887038708,1,NaN,NaN
0.745668769,NaN,2,NaN
0.960043967,NaN,NaN,3
0.564837396,1,NaN,NaN
0.360975266,1,NaN,NaN
0.360975266,1,NaN,NaN
0.736887753,1,NaN,NaN
0.780891478,NaN,NaN,3
0.973990798,NaN,2,NaN
0.929427028,NaN,2,NaN
0.093461998,NaN,NaN,3
0.956047118,NaN,NaN,3
0.736887753,1,NaN,NaN
0.163293183,NaN,2,NaN
0.95228523,1,NaN,NaN
0.11435809,1,NaN,NaN
0.901114106,NaN,2,NaN
0.901114106,NaN,2,NaN
0.051143911,NaN,NaN,3
0.974135041,1,NaN,NaN
0.076596536,1,NaN,NaN
0.901114106,NaN,2,NaN
0.360975266,1,NaN,NaN
0.956047118,1,NaN,NaN
0.181121677,1,NaN,NaN
0.776861906,NaN,2,NaN
0.926077366,NaN,2,NaN
0.950175345,NaN,NaN,3
0.728212059,1,NaN,NaN
0.106641263,NaN,2,NaN
0.382478535,NaN,NaN,3
0.238480464,1,NaN,NaN
0.793392062,NaN,2,NaN
0.11435809,NaN,NaN,3
0.942619443,1,NaN,NaN
0.273618579,NaN,2,NaN
0.922532856,NaN,NaN,3
0.789446712,1,NaN,NaN
0.051143911,1,NaN,NaN
0.872855186,1,NaN,NaN
0.134839922,NaN,2,NaN
0.884222865,NaN,2,NaN
0.360975266,NaN,NaN,3
0.093461998,NaN,NaN,3
0.360975266,1,NaN,NaN
0.908921003,NaN,NaN,3
0.942619443,1,NaN,NaN
0.279691517,NaN,2,NaN
0.477566123,NaN,NaN,3
0.902898431,NaN,NaN,3
0.187820703,NaN,NaN,3
0.326537848,NaN,2,NaN
0.326537848,NaN,2,NaN
0.293639034,1,NaN,NaN
0.181121677,NaN,NaN,3
0.360975266,NaN,NaN,3
0.956047118,NaN,NaN,3
0.95844698,NaN,NaN,3
0.066100329,1,NaN,NaN
0.345757544,1,NaN,NaN
0.973990798,NaN,2,NaN
0.421680391,NaN,2,NaN
0.051143911,NaN,NaN,3
0.152215958,NaN,NaN,3
0.902898431,NaN,NaN,3
0.942619443,NaN,NaN,3
0.220476165,NaN,2,NaN
0.11435809,NaN,NaN,3
0.152980477,NaN,2,NaN
0.974135041,1,NaN,NaN
0.929427028,NaN,2,NaN
0.066100329,1,NaN,NaN
0.802586615,NaN,2,NaN
0.044791911,1,NaN,NaN
0.238480464,NaN,NaN,3
0.926077366,NaN,2,NaN
0.872855186,1,NaN,NaN
0.745035052,NaN,NaN,3
0.270306379,1,NaN,NaN
0.745668769,NaN,2,NaN
0.432520777,1,NaN,NaN
0.187820703,NaN,NaN,3
0.922532856,1,NaN,NaN
0.093461998,NaN,NaN,3
0.928585589,1,NaN,NaN
0.58532089,1,NaN,NaN
0.552348495,NaN,2,NaN
0.960036933,NaN,2,NaN
0.960043967,NaN,NaN,3
0.908921003,NaN,NaN,3
0.782198191,NaN,NaN,3
0.908921003,NaN,NaN,3
0.238480464,1,NaN,NaN
0.187820703,1,NaN,NaN
0.802586615,NaN,2,NaN
0.051143911,NaN,NaN,3
0.093461998,1,NaN,NaN
0.887116849,NaN,NaN,3
0.802586615,NaN,2,NaN
0.190068379,NaN,NaN,3
0.051143911,NaN,NaN,3
0.782198191,1,NaN,NaN
0.602421582,1,NaN,NaN
0.922359824,NaN,2,NaN
0.58532089,NaN,NaN,3
0.922532856,1,NaN,NaN
0.772910178,NaN,NaN,3
0.908921003,1,NaN,NaN
0.977680027,NaN,2,NaN
0.316559851,NaN,2,NaN
0.942619443,NaN,NaN,3
0.745668769,NaN,2,NaN
0.220476165,NaN,2,NaN
0.908921003,1,NaN,NaN
0.071420714,NaN,NaN,3
0.736887753,1,NaN,NaN
0.653122962,NaN,NaN,3
0.973990798,NaN,2,NaN
0.782198191,NaN,NaN,3
0.086233929,1,NaN,NaN
0.908921003,1,NaN,NaN
0.939221919,NaN,NaN,3
0.887116849,NaN,NaN,3
0.97224468,NaN,2,NaN
0.460958451,1,NaN,NaN
0.922532856,NaN,NaN,3
0.929427028,NaN,2,NaN
0.887116849,NaN,NaN,3
0.887038708,NaN,NaN,3
0.939510882,NaN,NaN,3
0.906815052,NaN,2,NaN
0.516749859,NaN,NaN,3
0.926077366,NaN,2,NaN
0.782198191,NaN,NaN,3
0.782198191,NaN,NaN,3
0.345757544,1,NaN,NaN
0.326537848,NaN,2,NaN
0.114036284,NaN,2,NaN
0.550842583,NaN,2,NaN
0.922532856,NaN,NaN,3
0.607900083,NaN,2,NaN
0.887038708,1,NaN,NaN
0.960043967,1,NaN,NaN
0.782198191,NaN,NaN,3
0.372296005,NaN,NaN,3
0.209202841,NaN,NaN,3
0.872855186,NaN,NaN,3
0.922532856,1,NaN,NaN
0.965940714,NaN,2,NaN
0.97224468,NaN,2,NaN
0.707916379,1,NaN,NaN
0.345757544,1,NaN,NaN
0.432520777,1,NaN,NaN
0.607900083,NaN,2,NaN
0.736887753,NaN,NaN,3
0.902898431,1,NaN,NaN
0.942619443,NaN,NaN,3
0.066100329,NaN,NaN,3
0.144040033,NaN,NaN,3
0.887116849,NaN,NaN,3
0.041406706,NaN,NaN,3
0.844501317,1,NaN,NaN
0.887038708,1,NaN,NaN
0.898122609,NaN,2,NaN
0.745668769,NaN,2,NaN
0.270306379,1,NaN,NaN
0.93608135,NaN,NaN,3
0.942619443,1,NaN,NaN
0.961456835,1,NaN,NaN
0.864454329,NaN,NaN,3
0.984064996,NaN,NaN,3
0.959182501,1,NaN,NaN
0.752046347,NaN,2,NaN
0.685794175,NaN,NaN,3
0.72670269,1,NaN,NaN
0.985996306,NaN,NaN,3
0.971330345,NaN,2,NaN
0.984064996,1,NaN,NaN
0.984429717,NaN,NaN,3
0.977860212,1,NaN,NaN
0.881661713,NaN,NaN,3
0.685794175,1,NaN,NaN
0.966583192,NaN,2,NaN
0.221665129,NaN,NaN,3
0.977860212,NaN,NaN,3
0.33025828,NaN,NaN,3
0.966437757,NaN,2,NaN
0.850737274,NaN,2,NaN
0.967137158,NaN,NaN,3
0.983982921,1,NaN,NaN
0.913443744,NaN,2,NaN
0.983982921,NaN,NaN,3
0.675607383,NaN,NaN,3
0.717111588,NaN,NaN,3
0.978703797,NaN,NaN,3
0.883235335,1,NaN,NaN
0.730099082,NaN,2,NaN
0.985996306,1,NaN,NaN
0.982693613,NaN,2,NaN
0.634567916,1,NaN,NaN
0.883390784,NaN,2,NaN
0.985069335,NaN,2,NaN
0.967137158,1,NaN,NaN
0.431809604,NaN,2,NaN
0.69880271,1,NaN,NaN
0.967850506,1,NaN,NaN
0.325697958,1,NaN,NaN
0.963675678,NaN,NaN,3
0.757993102,NaN,2,NaN
0.965338051,NaN,2,NaN
0.33025828,1,NaN,NaN
0.787415922,NaN,NaN,3
0.857082784,NaN,2,NaN
0.913443744,NaN,2,NaN
0.632230997,1,NaN,NaN
0.938611746,NaN,NaN,3
0.959182501,NaN,NaN,3
0.752672017,NaN,2,NaN
0.483848184,NaN,2,NaN
0.516429722,NaN,2,NaN
0.940473497,NaN,NaN,3
0.325697958,NaN,NaN,3
0.913747609,NaN,2,NaN
0.787415922,1,NaN,NaN
0.475474507,NaN,2,NaN
0.938611746,1,NaN,NaN
0.881661713,1,NaN,NaN
0.940457702,NaN,2,NaN
0.402735442,1,NaN,NaN
0.883235335,NaN,NaN,3
0.984429717,1,NaN,NaN
0.94167906,NaN,2,NaN
0.789685607,NaN,NaN,3
0.776334167,NaN,2,NaN
0.72670269,NaN,NaN,3
0.940473497,1,NaN,NaN
0.717111588,1,NaN,NaN
0.226434186,NaN,NaN,3
0.967850506,NaN,NaN,3
0.685794175,NaN,NaN,3
0.967042029,1,NaN,NaN
0.75185734,NaN,2,NaN
0.685794175,1,NaN,NaN
0.972359657,1,NaN,NaN
0.226434186,1,NaN,NaN
0.789685607,1,NaN,NaN
0.675607383,1,NaN,NaN
0.962668896,1,NaN,NaN
0.402735442,NaN,NaN,3
0.984145701,NaN,2,NaN
0.987539172,NaN,2,NaN
0.989850283,NaN,2,NaN
0.984928429,NaN,2,NaN
0.973145783,NaN,2,NaN
0.632230997,NaN,NaN,3
0.963675678,1,NaN,NaN
0.972359657,NaN,NaN,3
0.69880271,NaN,NaN,3
0.221665129,1,NaN,NaN
0.895399153,NaN,2,NaN
0.962668896,NaN,NaN,3
0.967042029,NaN,NaN,3
0.971936166,NaN,2,NaN
0.978703797,1,NaN,NaN
0.634567916,NaN,NaN,3
0.9876436,NaN,2,NaN
