,TOXICITY,paralyzed,blind,deaf
837,0.926077366,,2.0,
1599,0.977680027,,2.0,
1388,0.960043967,1.0,,
1537,0.654047489,,,3.0
1310,0.698932171,,2.0,
2068,0.960043967,,,3.0
251,0.887038708,1.0,,
3781,0.653122962,1.0,,
1936,0.372296005,1.0,,
806,0.615120709,,2.0,
485,0.325663477,1.0,,
1227,0.929375052,,,3.0
656,0.776861906,,2.0,
136,0.956047118,,,3.0
4523,0.962668896,1.0,,
3544,0.152980477,,2.0,
2188,0.782198191,1.0,,
1715,0.238480464,1.0,,
2310,0.653122962,,,3.0
813,0.152980477,,2.0,
318,0.028540198,1.0,,
266,0.939510882,,,3.0
622,0.238480464,1.0,,
2569,0.432520777,1.0,,
3075,0.973990798,,2.0,
1546,0.114036284,,2.0,
3741,0.929427028,,2.0,
818,0.956047118,,,3.0
2248,0.728212059,,,3.0
465,0.960036933,,2.0,
1543,0.902898431,1.0,,
913,0.430757463,1.0,,
2495,0.884222865,,2.0,
2920,0.066100329,,,3.0
2163,0.097251743,,,3.0
1215,0.973990798,,2.0,
2490,0.926077366,,2.0,
1248,0.901114106,,2.0,
3551,0.106641263,,2.0,
240,0.887116849,1.0,,
1748,0.973990798,,2.0,
3954,0.939510882,1.0,,
3292,0.072332315,,,3.0
2540,0.051143911,,,3.0
1406,0.564837396,,,3.0
4111,0.908921003,1.0,,
3237,0.872855186,1.0,,
198,0.072332315,,,3.0
3453,0.072332315,1.0,,
4407,0.516749859,,,3.0
2494,0.736887753,,,3.0
626,0.11435809,,,3.0
3223,0.093461998,1.0,,
2877,0.922532856,,,3.0
914,0.887038708,,,3.0
2947,0.961456835,,,3.0
1212,0.360975266,1.0,,
3583,0.653122962,,,3.0
51,0.776486397,,,3.0
916,0.60237205,,2.0,
4502,0.881661713,1.0,,
1093,0.58532089,1.0,,
4477,0.985069335,,2.0,
4524,0.402735442,,,3.0
290,0.615120709,,2.0,
2509,0.922359824,,2.0,
3010,0.607900083,,2.0,
1971,0.58532089,,,3.0
4249,0.220476165,,2.0,
4121,0.887116849,1.0,,
1482,0.942619443,,,3.0
2289,0.961456835,,,3.0
3539,0.360975266,1.0,,
73,0.833528161,,2.0,
1477,0.698932171,,2.0,
3618,0.453091055,,2.0,
4410,0.782198191,,,3.0
1315,0.066100329,,,3.0
3863,0.833321869,,2.0,
771,0.887116849,1.0,,
491,0.960043967,1.0,,
3306,0.729465306,1.0,,
710,0.884222865,,2.0,
3660,0.782198191,,,3.0
3535,0.453091055,,2.0,
4057,0.977680027,,2.0,
3363,0.851524055,,,3.0
2638,0.942619443,1.0,,
4065,0.95147568,,2.0,
3845,0.425917059,,2.0,
568,0.908921003,,,3.0
842,0.926077366,,2.0,
4292,0.901114106,,2.0,
763,0.114036284,,2.0,
668,0.11435809,,,3.0
3045,0.345757544,1.0,,
571,0.238480464,1.0,,
106,0.786312938,,,3.0
871,0.653122962,1.0,,
1360,0.181121677,1.0,,
536,0.974135041,1.0,,
3034,0.951740444,,2.0,
319,0.950175345,1.0,,
2815,0.095653899,,2.0,
4267,0.922359824,,2.0,
688,0.421680391,,2.0,
1972,0.372296005,,,3.0
2244,0.901114106,,2.0,
2013,0.181121677,1.0,,
910,0.093461998,,,3.0
3878,0.884222865,,2.0,
4456,0.881661713,,,3.0
2102,0.942619443,1.0,,
3390,0.044328522,1.0,,
1249,0.41264233,1.0,,
397,0.316559851,,2.0,
2120,0.961456835,1.0,,
3545,0.58532089,,,3.0
3949,0.177278742,,2.0,
1005,0.093461998,,,3.0
4283,0.780891478,,,3.0
1447,0.908921003,,,3.0
2201,0.776861906,,2.0,
3718,0.072332315,,,3.0
3636,0.061090276,1.0,,
801,0.922359824,,2.0,
1237,0.360975266,1.0,,
903,0.960043967,1.0,,
4508,0.789685607,,,3.0
3391,0.066100329,1.0,,
4176,0.114036284,,2.0,
3999,0.279691517,,2.0,
307,0.929427028,,2.0,
3569,0.58532089,,,3.0
2536,0.11435809,1.0,,
91,0.851983309,,2.0,
310,0.961456835,1.0,,
3555,0.432520777,,,3.0
2361,0.051143911,,,3.0
4367,0.908921003,,,3.0
4212,0.52405256,1.0,,
1698,0.736887753,,,3.0
3736,0.907498837,1.0,,
1487,0.279691517,,2.0,
4483,0.963675678,,,3.0
401,0.956047118,,,3.0
2264,0.048972692,1.0,,
2640,0.884222865,,2.0,
2193,0.872855186,,,3.0
3811,0.345757544,,,3.0
3445,0.488627106,,2.0,
2391,0.95228523,,,3.0
2110,0.929427028,,2.0,
3048,0.653122962,1.0,,
4158,0.181121677,,,3.0
1851,0.906686366,,2.0,
1298,0.965940714,,2.0,
4229,0.922359824,,2.0,
2113,0.965940714,,2.0,
2173,0.432520777,,,3.0
121,0.01467542,1.0,,
152,0.187820703,1.0,,
141,0.453091055,,2.0,
259,0.920934379,,,3.0
3170,0.432520777,1.0,,
2591,0.908921003,1.0,,
3546,0.152980477,,2.0,
3651,0.152980477,,2.0,
1501,0.840206027,1.0,,
3302,0.270306379,,,3.0
212,0.293639034,1.0,,
2191,0.114036284,,2.0,
2642,0.187820703,1.0,,
4271,0.238480464,,,3.0
2859,0.11435809,,,3.0
3617,0.961456835,1.0,,
3073,0.051143911,1.0,,
1723,0.960043967,,,3.0
3744,0.11435809,,,3.0
1934,0.942619443,1.0,,
39,0.050936382,,,3.0
4487,0.787415922,,,3.0
1425,0.745668769,,2.0,
520,0.066100329,,,3.0
2262,0.736887753,,,3.0
2380,0.887116849,,,3.0
3375,0.939510882,,,3.0
512,0.974135041,1.0,,
1126,0.679755628,1.0,,
1281,0.114036284,,2.0,
214,0.827987194,,,3.0
3675,0.939510882,,,3.0
2272,0.360975266,,,3.0
3450,0.934907258,1.0,,
1177,0.908921003,,,3.0
3698,0.425917059,,2.0,
3260,0.903312027,1.0,,
2483,0.293639034,,,3.0
2088,0.114036284,,2.0,
3008,0.145333454,1.0,,
4073,0.58532089,,,3.0
2326,0.736887753,,,3.0
184,0.607900083,,2.0,
1908,0.421680391,,2.0,
788,0.360975266,1.0,,
4016,0.698932171,,2.0,
3097,0.209053218,1.0,,
3427,0.882790387,,,3.0
4181,0.111027971,1.0,,
3576,0.942619443,1.0,,
1736,0.187820703,1.0,,
336,0.163293183,,2.0,
823,0.901114106,,2.0,
3164,0.832317948,,2.0,
269,0.372296005,1.0,,
442,0.942619443,1.0,,
2196,0.961456835,,,3.0
3628,0.942619443,,,3.0
4457,0.685794175,1.0,,
3371,0.316559851,,2.0,
95,0.118989639,1.0,,
27,0.73325181,,2.0,
3892,0.345757544,,,3.0
3721,0.969425678,,2.0,
4071,0.887116849,,,3.0
2756,0.960043967,,,3.0
2261,0.892320812,,2.0,
1478,0.960036933,,2.0,
1490,0.965466678,,2.0,
1581,0.114036284,,2.0,
679,0.961456835,,,3.0
905,0.421680391,,2.0,
1197,0.181121677,,,3.0
3883,0.345757544,1.0,,
148,0.360975266,1.0,,
385,0.809676349,1.0,,
4505,0.883235335,,,3.0
2403,0.960043967,1.0,,
3759,0.181121677,,,3.0
739,0.469052911,1.0,,
4241,0.552348495,,2.0,
4145,0.187820703,,,3.0
1526,0.238480464,1.0,,
2009,0.106641263,,2.0,
3336,0.965466678,,2.0,
1583,0.922532856,,,3.0
2306,0.902898431,,,3.0
851,0.072332315,1.0,,
2192,0.902898431,1.0,,
2424,0.976896465,,,3.0
1304,0.051143911,,,3.0
3754,0.279691517,,2.0,
1038,0.187820703,,,3.0
482,0.965466678,,2.0,
1754,0.072332315,1.0,,
987,0.072332315,,,3.0
2783,0.97224468,,2.0,
678,0.745668769,,2.0,
3088,0.148929998,1.0,,
1203,0.270306379,1.0,,
658,0.106641263,,2.0,
720,0.967306733,1.0,,
3614,0.942619443,1.0,,
4350,0.238480464,,,3.0
4049,0.745668769,,2.0,
880,0.887038708,1.0,,
231,0.887038708,1.0,,
1188,0.965940714,,2.0,
559,0.152980477,,2.0,
1445,0.181121677,1.0,,
432,0.133274391,,2.0,
1238,0.141974092,1.0,,
1667,0.653122962,1.0,,
1772,0.974135041,1.0,,
719,0.782198191,1.0,,
511,0.97224468,,2.0,
151,0.051143911,1.0,,
356,0.950175345,,,3.0
2684,0.270306379,,,3.0
4037,0.345757544,,,3.0
1207,0.187820703,1.0,,
2429,0.929427028,,2.0,
601,0.372296005,1.0,,
340,0.846776545,,2.0,
2527,0.802586615,,2.0,
1016,0.939510882,1.0,,
3357,0.942619443,1.0,,
1191,0.552348495,,2.0,
1420,0.453091055,,2.0,
1067,0.950175345,,,3.0
3439,0.372296005,1.0,,
815,0.887116849,,,3.0
1258,0.942619443,,,3.0
829,0.887038708,1.0,,
4448,0.752046347,,2.0,
3587,0.922359824,,2.0,
735,0.039964452,,,3.0
1282,0.965466678,,2.0,
4435,0.887116849,,,3.0
2856,0.552348495,,2.0,
2770,0.220476165,,2.0,
885,0.942619443,1.0,,
1911,0.494330883,,2.0,
1775,0.950175345,,,3.0
412,0.051143911,1.0,,
33,0.776486397,1.0,,
1973,0.152980477,,2.0,
3317,0.238480464,1.0,,
600,0.441941738,,,3.0
1721,0.181121677,1.0,,
3907,0.961456835,,,3.0
1108,0.698932171,,2.0,
425,0.238480464,1.0,,
4371,0.051143911,,,3.0
4429,0.607900083,,2.0,
1728,0.066100329,,,3.0
3597,0.114036284,,2.0,
2275,0.902898431,,,3.0
1514,0.072332315,,,3.0
4189,0.939510882,,,3.0
3358,0.187820703,,,3.0
418,0.908921003,,,3.0
4136,0.941647589,1.0,,
1303,0.782198191,,,3.0
3761,0.969425678,,2.0,
1901,0.034964632,,,3.0
3,0.491391569,,,3.0
1035,0.956047118,1.0,,
671,0.163293183,,2.0,
3359,0.754354358,1.0,,
2026,0.421680391,,2.0,
3771,0.901114106,,2.0,
960,0.745668769,,2.0,
1174,0.922532856,,,3.0
2830,0.072332315,,,3.0
1376,0.943564653,,2.0,
765,0.051143911,,,3.0
102,0.052131962,1.0,,
1187,0.187820703,,,3.0
2668,0.41264233,,,3.0
787,0.279691517,,2.0,
2390,0.942619443,,,3.0
1894,0.270306379,,,3.0
1903,0.778065264,,,3.0
4208,0.745668769,,2.0,
2628,0.974135041,1.0,,
435,0.293639034,1.0,,
619,0.238480464,,,3.0
2938,0.939510882,1.0,,
3202,0.270306379,1.0,,
2914,0.642888367,1.0,,
1055,0.220476165,,2.0,
2240,0.872855186,,,3.0
738,0.974135041,,,3.0
4281,0.360975266,1.0,,
923,0.277855843,,,3.0
180,0.345757544,,,3.0
2970,0.072332315,1.0,,
2300,0.106641263,,2.0,
1856,0.965466678,,2.0,
1184,0.270306379,,,3.0
3032,0.872855186,1.0,,
2497,0.326537848,,2.0,
1393,0.238480464,1.0,,
3862,0.181121677,,,3.0
1513,0.950175345,,,3.0
882,0.066100329,,,3.0
3278,0.965940714,,2.0,
4519,0.972359657,1.0,,
4144,0.641017735,,2.0,
3286,0.552348495,,2.0,
124,0.522999048,,2.0,
127,0.425917059,,2.0,
1737,0.453091055,,2.0,
2344,0.360975266,1.0,,
841,0.270306379,1.0,,
304,0.872855186,,,3.0
2633,0.97224468,,2.0,
2480,0.95844698,1.0,,
2583,0.653122962,1.0,,
930,0.233354598,,2.0,
4114,0.939510882,1.0,,
1749,0.114036284,,2.0,
611,0.11435809,1.0,,
1146,0.887116849,,,3.0
167,0.973990798,,2.0,
2371,0.782198191,1.0,,
3380,0.293639034,,,3.0
2875,0.042712685,1.0,,
2834,0.064512499,1.0,,
2320,0.835559011,,,3.0
436,0.421680391,,2.0,
2924,0.270306379,1.0,,
978,0.736887753,,,3.0
4303,0.950175345,,,3.0
387,0.902898431,,,3.0
2176,0.293639034,1.0,,
4364,0.960043967,,,3.0
896,0.453091055,,2.0,
44,0.051036716,1.0,,
3001,0.950175345,1.0,,
2520,0.789462864,,2.0,
1367,0.961456835,,,3.0
2654,0.181121677,1.0,,
2008,0.981857121,,2.0,
3831,0.092921346,1.0,,
3424,0.745668769,,2.0,
3220,0.432520777,1.0,,
78,0.118989639,,,3.0
1403,0.969425678,,2.0,
2311,0.950175345,1.0,,
4306,0.382478535,,,3.0
2824,0.782198191,1.0,,
1085,0.807709873,,,3.0
3881,0.552348495,,2.0,
1575,0.973990798,,2.0,
347,0.819181919,,2.0,
4165,0.887038708,1.0,,
2029,0.12570031,,2.0,
1845,0.58532089,,,3.0
935,0.872855186,,,3.0
2091,0.973990798,,2.0,
3416,0.425917059,,2.0,
4398,0.887116849,,,3.0
197,0.372296005,,,3.0
3443,0.902898431,1.0,,
634,0.072332315,,,3.0
2894,0.187815472,,2.0,
2270,0.421680391,,2.0,
1120,0.326537848,,2.0,
282,0.169741526,1.0,,
4232,0.960036933,,2.0,
158,0.181121677,,,3.0
1992,0.736887753,1.0,,
4411,0.345757544,1.0,,
1044,0.372296005,,,3.0
1099,0.942619443,,,3.0
4034,0.923028469,,,3.0
4179,0.072332315,,,3.0
4289,0.163293183,,2.0,
1684,0.258479685,1.0,,
3903,0.872855186,,,3.0
2458,0.947178841,,2.0,
2610,0.58532089,,,3.0
3160,0.163293183,,2.0,
2109,0.16566889,1.0,,
828,0.187820703,,,3.0
4401,0.922532856,,,3.0
1173,0.959729314,,2.0,
2662,0.093461998,1.0,,
1349,0.58532089,1.0,,
267,0.782198191,1.0,,
1579,0.736887753,,,3.0
3319,0.961456835,1.0,,
2034,0.051143911,,,3.0
1635,0.162078604,1.0,,
1427,0.337609708,1.0,,
2732,0.11435809,,,3.0
1752,0.920223475,1.0,,
1668,0.11435809,1.0,,
3711,0.163293183,,2.0,
3531,0.072332315,1.0,,
3209,0.432520777,,,3.0
1561,0.887038708,,,3.0
2890,0.922359824,,2.0,
4067,0.421680391,,2.0,
2670,0.11435809,1.0,,
1102,0.902898431,,,3.0
1052,0.187820703,1.0,,
1291,0.973990798,,2.0,
3689,0.872855186,1.0,,
3659,0.965940714,,2.0,
698,0.960043967,1.0,,
680,0.187820703,,,3.0
35,0.052131962,,,3.0
4004,0.432520777,1.0,,
3772,0.949062407,,,3.0
1688,0.615120709,,2.0,
2468,0.960043967,,,3.0
2194,0.093461998,1.0,,
479,0.898122609,,2.0,
3922,0.093461998,1.0,,
4194,0.421680391,,2.0,
967,0.977680027,,2.0,
767,0.802586615,,2.0,
1705,0.959914446,,,3.0
4218,0.872855186,1.0,,
280,0.939510882,,,3.0
650,0.440792322,1.0,,
1880,0.607900083,,2.0,
3368,0.372296005,1.0,,
1345,0.432520777,1.0,,
164,0.960036933,,2.0,
2243,0.220476165,,2.0,
990,0.072332315,1.0,,
1646,0.908921003,1.0,,
359,0.939510882,1.0,,
4424,0.965940714,,2.0,
1788,0.093461998,1.0,,
1544,0.58532089,,,3.0
2735,0.936871111,,2.0,
1914,0.653122962,1.0,,
1613,0.922359824,,2.0,
1957,0.061952036,1.0,,
3442,0.956047118,,,3.0
3885,0.421680391,,2.0,
3206,0.372296005,1.0,,
2696,0.270306379,,,3.0
2149,0.950235009,1.0,,
877,0.898122609,,2.0,
2277,0.220476165,,2.0,
2140,0.093461998,1.0,,
4498,0.913747609,,2.0,
3231,0.187960744,1.0,,
1519,0.552348495,,2.0,
1030,0.346606702,1.0,,
2072,0.960043967,,,3.0
209,0.96051085,,,3.0
1025,0.516749859,1.0,,
2926,0.453091055,,2.0,
2400,0.181121677,1.0,,
1222,0.782198191,1.0,,
1941,0.220476165,,2.0,
2639,0.884222865,,2.0,
4326,0.187820703,,,3.0
2998,0.360975266,,,3.0
1109,0.849298835,1.0,,
1818,0.360975266,,,3.0
316,0.093461998,,,3.0
2533,0.051143911,,,3.0
3324,0.802586615,,2.0,
333,0.101259843,1.0,,
1990,0.181121677,1.0,,
4365,0.908921003,,,3.0
3889,0.951959193,1.0,,
1531,0.776861906,,2.0,
2546,0.922532856,,,3.0
2258,0.934667468,,2.0,
4307,0.238480464,1.0,,
1915,0.181121677,,,3.0
3120,0.360975266,,,3.0
2609,0.950175345,1.0,,
2740,0.939510882,1.0,,
1006,0.749203205,1.0,,
1665,0.961456835,1.0,,
3005,0.817227721,,,3.0
2630,0.745668769,,2.0,
1276,0.169741526,,,3.0
4203,0.093461998,,,3.0
2641,0.181121677,,,3.0
2988,0.922532856,1.0,,
3193,0.372296005,,,3.0
2507,0.949731529,,2.0,
3227,0.552348495,,2.0,
4443,0.942619443,1.0,,
3966,0.887038708,1.0,,
1379,0.97224468,,2.0,
2021,0.145977736,,2.0,
3795,0.114036284,,2.0,
2643,0.939510882,1.0,,
3084,0.956047118,1.0,,
1029,0.974135041,1.0,,
1150,0.051143911,,,3.0
3691,0.425917059,,2.0,
2919,0.943144023,1.0,,
4200,0.360975266,,,3.0
1603,0.345757544,,,3.0
145,0.901114106,,2.0,
2627,0.360975266,,,3.0
3331,0.345757544,1.0,,
177,0.965466678,,2.0,
3335,0.316559851,,2.0,
4434,0.144040033,,,3.0
352,0.698932171,,2.0,
1538,0.615120709,,2.0,
1426,0.960043967,,,3.0
2086,0.969425678,,2.0,
2836,0.372296005,1.0,,
2252,0.974135041,1.0,,
1758,0.238480464,1.0,,
2441,0.603286505,1.0,,
874,0.745668769,,2.0,
3106,0.872855186,,,3.0
1552,0.372296005,1.0,,
2777,0.58532089,,,3.0
1777,0.939510882,1.0,,
2852,0.360975266,,,3.0
3635,0.922532856,1.0,,
2983,0.942619443,,,3.0
3484,0.908921003,1.0,,
3143,0.453091055,,2.0,
4096,0.607900083,,2.0,
1095,0.072332315,,,3.0
1060,0.11435809,,,3.0
3804,0.965466678,,2.0,
1650,0.552348495,,2.0,
346,0.093461998,1.0,,
4242,0.106641263,,2.0,
774,0.432520777,1.0,,
2779,0.066100329,1.0,,
205,0.371022046,,,3.0
3256,0.616854548,,,3.0
3501,0.064512499,,,3.0
2332,0.345757544,1.0,,
1842,0.942619443,,,3.0
1834,0.942619443,1.0,,
1145,0.072332315,1.0,,
803,0.956047118,,,3.0
4482,0.325697958,1.0,,
670,0.130779833,1.0,,
2711,0.920223475,,,3.0
108,0.11110913,,,3.0
607,0.928585589,,,3.0
1628,0.745668769,,2.0,
3351,0.072332315,1.0,,
1156,0.432520777,1.0,,
2908,0.293639034,,,3.0
4394,0.782198191,,,3.0
2615,0.922532856,,,3.0
1492,0.093461998,1.0,,
2373,0.960043967,,,3.0
2402,0.421680391,,2.0,
4105,0.887038708,1.0,,
2928,0.360975266,,,3.0
477,0.894876599,,2.0,
242,0.965466678,,2.0,
3756,0.884222865,,2.0,
503,0.727344811,1.0,,
4083,0.955865502,,,3.0
1841,0.072332315,,,3.0
655,0.152980477,,2.0,
2077,0.932807982,,,3.0
298,0.421680391,,2.0,
3299,0.093461998,,,3.0
4467,0.983982921,,,3.0
786,0.161187291,1.0,,
4027,0.745668769,,2.0,
3369,0.11435809,1.0,,
715,0.552348495,,2.0,
1640,0.782198191,,,3.0
3953,0.973990798,,2.0,
1792,0.887038708,,,3.0
1804,0.187820703,,,3.0
2189,0.872855186,1.0,,
3687,0.066100329,1.0,,
3329,0.960036933,,2.0,
88,0.817674994,1.0,,
966,0.161346883,,,3.0
1616,0.372296005,1.0,,
3409,0.372296005,,,3.0
3015,0.872855186,1.0,,
2148,0.782198191,1.0,,
3440,0.52405256,,,3.0
1082,0.653122962,,,3.0
577,0.960036933,,2.0,
3562,0.956047118,1.0,,
4304,0.728212059,1.0,,
3967,0.421680391,,2.0,
2689,0.360975266,,,3.0
2447,0.238480464,1.0,,
3466,0.974135041,1.0,,
2623,0.950175345,1.0,,
2082,0.372296005,1.0,,
2230,0.513353109,,2.0,
2498,0.802586615,,2.0,
4454,0.984429717,,,3.0
526,0.939510882,,,3.0
2284,0.969425678,,2.0,
3362,0.956047118,,,3.0
3696,0.58532089,1.0,,
1136,0.960036933,,2.0,
2367,0.698932171,,2.0,
299,0.961456835,,,3.0
579,0.181121677,,,3.0
4155,0.270306379,1.0,,
1402,0.306318969,,2.0,
2557,0.776861906,,2.0,
2294,0.607900083,,2.0,
1151,0.552348495,,2.0,
3280,0.869817138,,2.0,
2143,0.782198191,1.0,,
3347,0.607900083,,2.0,
107,0.051036716,,,3.0
3777,0.05036556,,,3.0
3033,0.238480464,,,3.0
4346,0.929427028,,2.0,
66,0.01258509,1.0,,
2539,0.106641263,,2.0,
1047,0.106641263,,2.0,
4031,0.246873155,1.0,,
161,0.943854213,1.0,,
4028,0.974135041,,,3.0
1386,0.078291759,,2.0,
4382,0.772910178,,,3.0
1474,0.959820092,,2.0,
518,0.159085825,,,3.0
3918,0.051143911,1.0,,
1764,0.745668769,,2.0,
949,0.607900083,,2.0,
3074,0.942619443,,,3.0
867,0.745668769,,2.0,
1964,0.360975266,,,3.0
2482,0.05878827,1.0,,
4337,0.421680391,,2.0,
20,0.581285596,,,3.0
3393,0.887116849,1.0,,
3727,0.922532856,,,3.0
4107,0.951641321,,,3.0
3713,0.566896141,,,3.0
3669,0.937520564,,,3.0
1161,0.690275788,1.0,,
4023,0.745668769,,2.0,
3122,0.11435809,1.0,,
2090,0.872855186,,,3.0
252,0.939510882,1.0,,
1606,0.425917059,,2.0,
3014,0.345757544,,,3.0
1500,0.066100329,1.0,,
3854,0.974135041,,,3.0
3142,0.653122962,1.0,,
3613,0.066100329,,,3.0
3538,0.939510882,,,3.0
1933,0.093461998,1.0,,
1882,0.817091048,,2.0,
1333,0.926077366,,2.0,
306,0.961456835,1.0,,
2100,0.950175345,,,3.0
3395,0.921278656,,,3.0
1375,0.139141947,,,3.0
4130,0.922532856,,,3.0
2602,0.615120709,,2.0,
3040,0.58532089,1.0,,
4375,0.190068379,,,3.0
689,0.238480464,1.0,,
4479,0.431809604,,2.0,
691,0.977680027,,2.0,
1742,0.345757544,,,3.0
459,0.393016517,,2.0,
1118,0.974135041,,,3.0
1612,0.72041446,,,3.0
4535,0.895399153,,2.0,
1733,0.913907409,,,3.0
4377,0.782198191,1.0,,
3939,0.326537848,,2.0,
3093,0.663137794,,,3.0
1873,0.782198191,,,3.0
4093,0.441889226,1.0,,
948,0.961456835,1.0,,
3504,0.942619443,,,3.0
3399,0.901114106,,2.0,
241,0.360975266,1.0,,
1745,0.884222865,,2.0,
1476,0.951844871,,2.0,
1697,0.763451755,,2.0,
2117,0.965940714,,2.0,
450,0.270306379,1.0,,
367,0.961456835,1.0,,
328,0.961456835,1.0,,
2955,0.902898431,1.0,,
2463,0.881186485,1.0,,
1833,0.961456835,,,3.0
331,0.956047118,,,3.0
1125,0.220476165,,2.0,
3867,0.721796989,,2.0,
45,0.100144237,,2.0,
3313,0.432520777,1.0,,
1182,0.11435809,1.0,,
1963,0.939510882,,,3.0
2552,0.922359824,,2.0,
4108,0.187820703,,,3.0
1787,0.3314915,,,3.0
2825,0.872855186,1.0,,
208,0.929427028,,2.0,
168,0.360975266,1.0,,
3141,0.942619443,,,3.0
1233,0.950175345,,,3.0
1975,0.091103591,,,3.0
2506,0.908921003,1.0,,
641,0.929427028,,2.0,
4227,0.238480464,,,3.0
204,0.961456835,,,3.0
1815,0.421680391,,2.0,
2002,0.051143911,,,3.0
312,0.421680391,,2.0,
4127,0.745668769,,2.0,
368,0.898122609,,2.0,
1790,0.887116849,1.0,,
1454,0.957979739,,2.0,
1327,0.112010412,,,3.0
1708,0.951641321,1.0,,
4230,0.922532856,,,3.0
4495,0.516429722,,2.0,
2246,0.950175345,,,3.0
2051,0.111027971,,,3.0
2874,0.316559851,,2.0,
2280,0.254581004,1.0,,
4030,0.898122609,,2.0,
1883,0.802586615,,2.0,
1163,0.453091055,,2.0,
2221,0.279691517,,2.0,
4391,0.736887753,1.0,,
3381,0.960043967,,,3.0
2256,0.965466678,,2.0,
2603,0.887038708,,,3.0
3827,0.736887753,1.0,,
931,0.066100329,1.0,,
602,0.051143911,1.0,,
1494,0.960043967,,,3.0
1300,0.419250101,,2.0,
2727,0.973990798,,2.0,
1320,0.453091055,,2.0,
1658,0.961456835,,,3.0
3541,0.887038708,1.0,,
1384,0.066100329,,,3.0
2653,0.255106091,1.0,,
3938,0.745668769,,2.0,
722,0.075678885,1.0,,
2801,0.607900083,,2.0,
3201,0.072332315,1.0,,
2392,0.345757544,1.0,,
3086,0.372296005,,,3.0
4537,0.967042029,,,3.0
2212,0.776861906,,2.0,
3090,0.960726798,,,3.0
3449,0.360975266,1.0,,
1051,0.887116849,,,3.0
1297,0.850866556,,,3.0
4070,0.929427028,,2.0,
1336,0.360975266,1.0,,
2181,0.543259263,,,3.0
254,0.901114106,,2.0,
584,0.965466678,,2.0,
2812,0.58532089,1.0,,
2108,0.961456835,,,3.0
1555,0.960043967,,,3.0
4048,0.887038708,1.0,,
2820,0.907498837,,,3.0
3165,0.24721837,,2.0,
4275,0.942619443,,,3.0
2778,0.960043967,,,3.0
37,0.11110913,1.0,,
2033,0.939510882,,,3.0
2017,0.745668769,,2.0,
752,0.238480464,1.0,,
4530,0.632230997,,,3.0
3580,0.887116849,1.0,,
3151,0.187820703,,,3.0
3846,0.929427028,,2.0,
3616,0.908921003,,,3.0
2428,0.072332315,1.0,,
497,0.425917059,,2.0,
2854,0.887116849,1.0,,
277,0.802586615,,2.0,
3488,0.956047118,1.0,,
1839,0.187820703,,,3.0
3235,0.421680391,,2.0,
1264,0.395980448,,,3.0
3436,0.58532089,,,3.0
3312,0.960043967,1.0,,
2755,0.901685834,1.0,,
3599,0.181121677,,,3.0
748,0.360975266,1.0,,
4486,0.33025828,1.0,,
1669,0.816929281,,2.0,
4154,0.922532856,1.0,,
3217,0.066100329,1.0,,
3634,0.908921003,,,3.0
1437,0.887038708,1.0,,
4316,0.134839922,,2.0,
4397,0.939221919,,,3.0
1656,0.549619436,,2.0,
3927,0.929427028,,2.0,
3717,0.181121677,,,3.0
3952,0.961456835,1.0,,
1417,0.950175345,,,3.0
904,0.215993792,,2.0,
4192,0.745668769,,2.0,
3991,0.872855186,,,3.0
4017,0.293639034,,,3.0
2038,0.293639034,1.0,,
3502,0.220476165,,2.0,
48,0.024495786,,,3.0
962,0.920759022,,2.0,
1875,0.967306733,,,3.0
2058,0.421680391,,2.0,
294,0.902898431,,,3.0
142,0.929427028,,2.0,
1582,0.345757544,,,3.0
2844,0.615120709,,2.0,
868,0.776861906,,2.0,
2059,0.360975266,1.0,,
3255,0.425917059,,2.0,
3709,0.345757544,,,3.0
202,0.965940714,,2.0,
4518,0.685794175,1.0,,
3320,0.066100329,,,3.0
3344,0.922359824,,2.0,
2000,0.957656145,,2.0,
1730,0.345757544,,,3.0
553,0.782198191,,,3.0
527,0.887116849,1.0,,
605,0.293639034,1.0,,
1617,0.884222865,,2.0,
1061,0.106641263,,2.0,
2269,0.453091055,,2.0,
2833,0.114036284,,2.0,
372,0.901114106,,2.0,
616,0.093461998,1.0,,
3110,0.163293183,,2.0,
1866,0.360975266,1.0,,
3304,0.106641263,,2.0,
3720,0.152980477,,2.0,
2329,0.799744546,,,3.0
3332,0.736887753,1.0,,
4010,0.960043967,1.0,,
2450,0.360975266,,,3.0
3411,0.637359262,,2.0,
980,0.960036933,,2.0,
1671,0.61079067,1.0,,
1829,0.960043967,1.0,,
833,0.698932171,,2.0,
4521,0.789685607,1.0,,
58,0.610972404,,2.0,
2210,0.898122609,,2.0,
1836,0.072332315,1.0,,
2980,0.114036284,,2.0,
2675,0.919005513,1.0,,
1154,0.961456835,1.0,,
3609,0.152980477,,2.0,
3021,0.051143911,,,3.0
2416,0.187820703,,,3.0
4277,0.745668769,,2.0,
2678,0.066100329,,,3.0
3542,0.956047118,,,3.0
1183,0.745668769,,2.0,
1152,0.285503805,,2.0,
3007,0.106641263,,2.0,
3993,0.653122962,,,3.0
3342,0.061952036,,,3.0
3537,0.807849884,,2.0,
2144,0.238480464,1.0,,
3197,0.956047118,,,3.0
2984,0.872855186,,,3.0
4536,0.962668896,,,3.0
2578,0.066100329,1.0,,
746,0.425917059,,2.0,
544,0.761114776,,,3.0
3926,0.902898431,,,3.0
4484,0.757993102,,2.0,
1759,0.965466678,,2.0,
889,0.453091055,,2.0,
2612,0.908921003,1.0,,
898,0.372296005,1.0,,
543,0.093461998,,,3.0
1931,0.960043967,1.0,,
2821,0.961456835,1.0,,
4148,0.360975266,1.0,,
1124,0.974135041,1.0,,
1451,0.965466678,,2.0,
3043,0.802586615,,2.0,
2393,0.872855186,1.0,,
3366,0.898122609,,2.0,
2658,0.904874861,1.0,,
3557,0.960036933,,2.0,
3984,0.887038708,,,3.0
3897,0.029455081,,,3.0
2340,0.952744663,,,3.0
660,0.942619443,1.0,,
3323,0.130787,,,3.0
1404,0.965940714,,2.0,
753,0.745712399,,,3.0
1284,0.432520777,,,3.0
2864,0.360975266,1.0,,
567,0.293639034,,,3.0
2432,0.955865502,1.0,,
2406,0.066100329,1.0,,
1423,0.119810008,,,3.0
613,0.11435809,1.0,,
1760,0.872855186,,,3.0
1413,0.908921003,1.0,,
2239,0.58532089,,,3.0
3476,0.066100329,,,3.0
2247,0.326537848,,2.0,
1863,0.593361676,1.0,,
1987,0.360975266,1.0,,
72,0.068911158,,2.0,
4376,0.051143911,,,3.0
1435,0.119810008,1.0,,
1530,0.093461998,,,3.0
1600,0.782198191,,,3.0
627,0.291184843,1.0,,
852,0.872855186,,,3.0
4168,0.782198191,1.0,,
2169,0.072332315,1.0,,
4419,0.782198191,,,3.0
1459,0.187820703,1.0,,
1306,0.960043967,1.0,,
2563,0.939510882,,,3.0
731,0.902898431,1.0,,
2296,0.944947481,,,3.0
2606,0.961456835,,,3.0
3111,0.802586615,,2.0,
1408,0.211916775,,2.0,
1620,0.887116849,1.0,,
1452,0.965466678,,2.0,
992,0.411501288,1.0,,
2545,0.898122609,,2.0,
2781,0.58532089,,,3.0
1378,0.316559851,,2.0,
2501,0.97224468,,2.0,
997,0.093461998,,,3.0
3158,0.973990798,,2.0,
424,0.101259843,,,3.0
260,0.939510882,1.0,,
83,0.334896624,,,3.0
3076,0.552348495,,2.0,
1272,0.076596536,,,3.0
1218,0.745668769,,2.0,
4021,0.238480464,,,3.0
778,0.432520777,,,3.0
3919,0.061120614,1.0,,
617,0.372296005,1.0,,
2966,0.974135041,1.0,,
2522,0.782198191,,,3.0
4077,0.238378331,1.0,,
2712,0.293639034,,,3.0
455,0.19169651,,2.0,
2999,0.97224468,,2.0,
1756,0.969425678,,2.0,
144,0.961456835,1.0,,
3135,0.432520777,,,3.0
3210,0.072332315,,,3.0
3156,0.548882306,1.0,,
694,0.162078604,,,3.0
1224,0.607900083,,2.0,
4131,0.887038708,,,3.0
4196,0.066100329,,,3.0
1185,0.974135041,1.0,,
2648,0.97224468,,2.0,
3274,0.220476165,,2.0,
3590,0.066100329,1.0,,
3891,0.11435809,,,3.0
1649,0.11435809,1.0,,
258,0.488627106,,2.0,
2974,0.950175345,1.0,,
908,0.360975266,,,3.0
2114,0.125006989,,,3.0
1179,0.372296005,1.0,,
760,0.958061039,,2.0,
887,0.187820703,1.0,,
2945,0.960043967,,,3.0
1685,0.326537848,,2.0,
2297,0.615120709,,2.0,
3787,0.54354459,,2.0,
2792,0.902898431,,,3.0
2493,0.187820703,1.0,,
343,0.176924497,1.0,,
2554,0.58532089,1.0,,
2575,0.902898431,1.0,,
1909,0.270306379,,,3.0
2915,0.942619443,1.0,,
2742,0.270306379,,,3.0
261,0.560298622,,2.0,
1860,0.931010544,1.0,,
2586,0.901114106,,2.0,
3345,0.926077366,,2.0,
2122,0.798544884,,2.0,
1231,0.977680027,,2.0,
2840,0.87964195,1.0,,
1796,0.293639034,1.0,,
3944,0.552348495,,2.0,
2651,0.908921003,1.0,,
1256,0.882790387,1.0,,
4132,0.7251755,,2.0,
2472,0.887116849,1.0,,
1864,0.974135041,,,3.0
2534,0.432520777,1.0,,
2593,0.067403935,,2.0,
2776,0.372059673,,,3.0
4138,0.126852736,,2.0,
3244,0.114036284,,2.0,
940,0.956047118,,,3.0
4408,0.926077366,,2.0,
4152,0.977680027,,2.0,
595,0.051143911,1.0,,
2414,0.960043967,,,3.0
3328,0.615120709,,2.0,
3550,0.923202574,,2.0,
1673,0.360975266,,,3.0
4423,0.922532856,1.0,,
535,0.093461998,,,3.0
3198,0.961456835,1.0,,
963,0.432520777,1.0,,
3737,0.326537848,,2.0,
481,0.199995384,,2.0,
3778,0.552348495,,2.0,
1694,0.964303374,,,3.0
955,0.152980477,,2.0,
861,0.736887753,1.0,,
3638,0.827987194,1.0,,
3556,0.977680027,,2.0,
1368,0.96051085,1.0,,
380,0.798829615,,,3.0
1017,0.782198191,1.0,,
1521,0.270306379,,,3.0
1190,0.044480793,,,3.0
3641,0.114036284,,2.0,
1807,0.326537848,,2.0,
4358,0.922532856,1.0,,
2611,0.939510882,1.0,,
2456,0.181121677,1.0,,
4011,0.762487113,,2.0,
1654,0.898122609,,2.0,
2435,0.97224468,,2.0,
1267,0.152185649,,,3.0
1924,0.960036933,,2.0,
1947,0.279691517,,2.0,
2325,0.345757544,,,3.0
1142,0.745712399,1.0,,
3749,0.238480464,,,3.0
1066,0.152980477,,2.0,
1036,0.114036284,,2.0,
170,0.789446712,,,3.0
2862,0.965466678,,2.0,
1596,0.326537848,,2.0,
2703,0.961456835,,,3.0
1176,0.293639034,,,3.0
1090,0.345757544,1.0,,
4383,0.908921003,1.0,,
726,0.292960167,,2.0,
3115,0.607900083,,2.0,
3723,0.541668117,,2.0,
2103,0.345757544,,,3.0
3935,0.163293183,,2.0,
3676,0.969425678,,2.0,
1507,0.360975266,1.0,,
422,0.965940714,,2.0,
2978,0.072332315,1.0,,
2960,0.952962875,,2.0,
1653,0.187820703,,,3.0
3581,0.238480464,1.0,,
3162,0.956047118,,,3.0
4084,0.181121677,,,3.0
1693,0.240139246,,,3.0
3394,0.093461998,1.0,,
3945,0.453091055,,2.0,
2649,0.935084999,,2.0,
133,0.707916379,,,3.0
3481,0.360975266,,,3.0
2442,0.225334391,,2.0,
1409,0.360975266,,,3.0
3025,0.193325385,1.0,,
2646,0.244852215,1.0,,
4205,0.965466678,,2.0,
3861,0.922532856,1.0,,
1114,0.745668769,,2.0,
3321,0.270306379,,,3.0
1149,0.11435809,1.0,,
718,0.16566889,,,3.0
608,0.114036284,,2.0,
2350,0.803101361,,,3.0
4135,0.220476165,,2.0,
2803,0.293639034,,,3.0
1717,0.90719676,1.0,,
4178,0.745668769,,2.0,
3757,0.051143911,1.0,,
3899,0.187820703,1.0,,
114,0.914562702,1.0,,
1419,0.11435809,1.0,,
2561,0.615120709,,2.0,
181,0.181121677,1.0,,
2343,0.956047118,1.0,,
550,0.270306379,1.0,,
1260,0.950175345,,,3.0
2165,0.085827127,1.0,,
3083,0.23956266,,2.0,
1806,0.802586615,,2.0,
1564,0.951959193,,,3.0
3715,0.066100329,1.0,,
1744,0.97224468,,2.0,
3814,0.152980477,,2.0,
3182,0.293639034,,,3.0
649,0.066100329,,,3.0
3089,0.942619443,1.0,,
129,0.180525437,,2.0,
1982,0.072332315,,,3.0
2871,0.884222865,,2.0,
3760,0.939510882,1.0,,
1216,0.124111332,,2.0,
2206,0.58532089,1.0,,
1868,0.421680391,,2.0,
3561,0.950175345,1.0,,
2595,0.372296005,1.0,,
1286,0.11435809,,,3.0
2045,0.11435809,1.0,,
751,0.11435809,,,3.0
1595,0.956047118,1.0,,
2880,0.97224468,,2.0,
3284,0.297339231,,,3.0
633,0.152980477,,2.0,
1274,0.698932171,,2.0,
854,0.270306379,1.0,,
832,0.728957355,,2.0,
3500,0.072332315,,,3.0
3050,0.360975266,1.0,,
289,0.964801133,,2.0,
1847,0.425917059,,2.0,
677,0.872855186,,,3.0
3847,0.072332315,1.0,,
2972,0.802586615,,2.0,
1509,0.326537848,,2.0,
1373,0.942619443,1.0,,
3931,0.093461998,1.0,,
50,0.015756637,,2.0,
1242,0.974135041,,,3.0
4088,0.887116849,1.0,,
1503,0.939510882,1.0,,
2944,0.942619443,,,3.0
460,0.326537848,,2.0,
2268,0.939510882,1.0,,
1661,0.965466678,,2.0,
686,0.965940714,,2.0,
1916,0.956047118,1.0,,
3728,0.607900083,,2.0,
265,0.965466678,,2.0,
379,0.552348495,,2.0,
3221,0.926077366,,2.0,
1438,0.97224468,,2.0,
1893,0.939510882,1.0,,
1433,0.898122609,,2.0,
3318,0.181121677,,,3.0
3285,0.782198191,1.0,,
3296,0.293639034,1.0,,
2354,0.242957905,,,3.0
36,0.011656082,1.0,,
3592,0.270306379,,,3.0
4172,0.950175345,1.0,,
1337,0.942619443,1.0,,
1062,0.345757544,1.0,,
3961,0.615120709,,2.0,
3598,0.956047118,,,3.0
1251,0.360975266,1.0,,
1122,0.106641263,,2.0,
2184,0.942619443,1.0,,
3925,0.152185649,1.0,,
1387,0.895130694,1.0,,
1567,0.939510882,,,3.0
2697,0.372296005,,,3.0
2303,0.942619443,,,3.0
1946,0.698932171,,2.0,
2357,0.072332315,1.0,,
3376,0.960036933,,2.0,
4373,0.887116849,,,3.0
2250,0.187820703,,,3.0
2959,0.181121677,,,3.0
2345,0.152980477,,2.0,
1498,0.360975266,1.0,,
201,0.736887753,,,3.0
552,0.093461998,,,3.0
1226,0.745668769,,2.0,
341,0.316559851,,2.0,
2808,0.902898431,,,3.0
1516,0.607900083,,2.0,
1632,0.072332315,,,3.0
2327,0.360975266,1.0,,
4348,0.802586615,,2.0,
895,0.3144871,1.0,,
1608,0.151176706,,,3.0
2071,0.345757544,,,3.0
3745,0.190068379,1.0,,
137,0.187820703,1.0,,
4354,0.270306379,1.0,,
1553,0.782198191,,,3.0
3241,0.762353837,,,3.0
3668,0.960036933,,2.0,
4250,0.922359824,,2.0,
419,0.238480464,1.0,,
2738,0.051143911,1.0,,
2511,0.432520777,,,3.0
1604,0.901685834,,,3.0
586,0.977680027,,2.0,
1780,0.293639034,,,3.0
1940,0.13318415,,2.0,
3098,0.968716264,1.0,,
484,0.129112467,,,3.0
516,0.698932171,,2.0,
3374,0.680089295,,,3.0
2994,0.181121677,1.0,,
4032,0.912432492,1.0,,
3645,0.326537848,,2.0,
2145,0.942619443,,,3.0
3448,0.961456835,1.0,,
1405,0.051143911,1.0,,
784,0.468889177,,2.0,
639,0.051143911,1.0,,
3219,0.90719676,,,3.0
3806,0.901114106,,2.0,
4473,0.985996306,1.0,,
4117,0.270306379,,,3.0
2136,0.220476165,,2.0,
5,0.136357471,,,3.0
80,0.055166665,,2.0,
4046,0.898122609,,2.0,
4287,0.956047118,,,3.0
1589,0.908921003,,,3.0
1871,0.736887753,1.0,,
1830,0.961456835,1.0,,
1308,0.887116849,,,3.0
3447,0.045473021,1.0,,
2635,0.926077366,,2.0,
821,0.103124253,,,3.0
4151,0.973990798,,2.0,
699,0.421680391,,2.0,
999,0.653122962,,,3.0
2112,0.887116849,,,3.0
221,0.106641263,,2.0,
1168,0.238480464,1.0,,
4471,0.883235335,1.0,,
3161,0.977680027,,2.0,
3091,0.181121677,,,3.0
75,0.098683953,,2.0,
2324,0.948390067,1.0,,
1631,0.281449258,,,3.0
972,0.181121677,1.0,,
1605,0.221039295,,2.0,
4363,0.960036933,,2.0,
3456,0.887038708,1.0,,
3971,0.922532856,1.0,,
3864,0.208941057,1.0,,
3396,0.072332315,,,3.0
830,0.872855186,1.0,,
561,0.653122962,,,3.0
86,0.696761012,,,3.0
2130,0.066100329,1.0,,
758,0.776861906,,2.0,
4007,0.360975266,1.0,,
2434,0.615120709,,2.0,
1468,0.432520777,,,3.0
230,0.939510882,1.0,,
2572,0.163293183,,2.0,
2746,0.971673369,,2.0,
1072,0.974135041,,,3.0
4053,0.345757544,1.0,,
3203,0.360975266,1.0,,
2929,0.960036933,,2.0,
2395,0.58532089,,,3.0
2853,0.908921003,1.0,,
1296,0.974135041,,,3.0
31,0.559734523,,,3.0
946,0.887038708,,,3.0
1831,0.887038708,1.0,,
4174,0.960043967,,,3.0
2407,0.372296005,1.0,,
8,0.322414666,1.0,,
1727,0.907383382,1.0,,
3128,0.33357498,,,3.0
1199,0.607900083,,2.0,
1421,0.782198191,1.0,,
3069,0.425917059,,2.0,
1475,0.922532856,1.0,,
863,0.965466678,,2.0,
3130,0.736887753,,,3.0
943,0.745668769,,2.0,
2228,0.887116849,,,3.0
2131,0.58532089,,,3.0
2883,0.872855186,,,3.0
1948,0.270306379,1.0,,
3998,0.061090276,,,3.0
2097,0.093461998,,,3.0
1687,0.974135041,1.0,,
1892,0.653122962,,,3.0
57,0.014127486,,,3.0
3765,0.316559851,,2.0,
1569,0.181121677,,,3.0
728,0.90139538,,2.0,
3829,0.293639034,1.0,,
1127,0.97224468,,2.0,
3012,0.316559851,,2.0,
1966,0.345757544,1.0,,
1922,0.961456835,1.0,,
761,0.887116849,,,3.0
1855,0.950175345,,,3.0
2057,0.884222865,,2.0,
3857,0.072332315,1.0,,
1921,0.977680027,,2.0,
3116,0.432520777,,,3.0
2909,0.922532856,,,3.0
1716,0.960036933,,2.0,
4197,0.187820703,1.0,,
3729,0.956047118,1.0,,
1312,0.552348495,,2.0,
1010,0.872855186,,,3.0
4015,0.326537848,,2.0,
2704,0.950175345,1.0,,
820,0.684221447,1.0,,
582,0.698932171,,2.0,
4113,0.902898431,,,3.0
3564,0.939510882,,,3.0
2205,0.187820703,,,3.0
3051,0.887116849,,,3.0
334,0.051143911,1.0,,
1341,0.072332315,,,3.0
2505,0.58532089,1.0,,
2899,0.066100329,,,3.0
4352,0.872855186,1.0,,
3398,0.060129829,1.0,,
3665,0.642888367,,,3.0
1822,0.293639034,,,3.0
3438,0.950175345,1.0,,
2530,0.939510882,1.0,,
900,0.360975266,,,3.0
3150,0.421680391,,2.0,
2175,0.066100329,,,3.0
364,0.898122609,,2.0,
2152,0.181121677,,,3.0
4198,0.887116849,1.0,,
3136,0.360975266,1.0,,
1512,0.849298835,,,3.0
1527,0.922532856,1.0,,
4513,0.226434186,,,3.0
100,0.247658908,,2.0,
570,0.066100329,,,3.0
707,0.961456835,,,3.0
892,0.432520777,,,3.0
3430,0.154152051,,,3.0
3828,0.828815877,,2.0,
1598,0.965940714,,2.0,
576,0.736887753,,,3.0
3970,0.360975266,,,3.0
276,0.372296005,1.0,,
3421,0.49718684,1.0,,
1228,0.969425678,,2.0,
3785,0.887116849,,,3.0
4280,0.360975266,1.0,,
4177,0.887038708,,,3.0
4340,0.902898431,,,3.0
1472,0.552348495,,2.0,
2832,0.977680027,,2.0,
3129,0.956047118,1.0,,
1838,0.293639034,1.0,,
1910,0.965940714,,2.0,
1874,0.901114106,,2.0,
2886,0.926077366,,2.0,
2701,0.39535588,,2.0,
1275,0.965466678,,2.0,
3840,0.11435809,,,3.0
3962,0.393366724,,2.0,
1032,0.106641263,,2.0,
878,0.326537848,,2.0,
2426,0.736887753,,,3.0
2622,0.887038708,,,3.0
2199,0.782198191,,,3.0
2412,0.965940714,,2.0,
614,0.181121677,1.0,,
2186,0.051143911,1.0,,
684,0.872855186,1.0,,
1965,0.360975266,1.0,,
1637,0.950175345,1.0,,
996,0.11435809,,,3.0
2676,0.11435809,1.0,,
1639,0.293639034,,,3.0
3118,0.745668769,,2.0,
3300,0.956047118,1.0,,
1958,0.974135041,,,3.0
2185,0.911068559,1.0,,
853,0.745668769,,2.0,
2093,0.238480464,,,3.0
1354,0.653122962,,,3.0
3986,0.453091055,,2.0,
3803,0.238480464,,,3.0
2125,0.257880718,1.0,,
988,0.360975266,,,3.0
1944,0.887116849,,,3.0
588,0.294887304,,2.0,
661,0.552348495,,2.0,
1624,0.092917405,,,3.0
4420,0.372296005,,,3.0
1560,0.051143911,,,3.0
1400,0.300191909,,2.0,
2982,0.162078604,,,3.0
1106,0.129112467,1.0,,
112,0.037992734,,2.0,
2523,0.872855186,1.0,,
4395,0.086233929,1.0,,
723,0.901114106,,2.0,
886,0.552348495,,2.0,
2647,0.372296005,,,3.0
120,0.445074707,,2.0,
2728,0.066100329,1.0,,
383,0.969892025,1.0,,
2158,0.181121677,1.0,,
1155,0.950175345,,,3.0
2555,0.181121677,,,3.0
839,0.238480464,,,3.0
1588,0.066100329,,,3.0
377,0.215551421,1.0,,
1280,0.086401381,,2.0,
2007,0.114036284,,2.0,
90,0.937001705,,2.0,
206,0.941647589,,,3.0
3835,0.187820703,1.0,,
3023,0.270306379,,,3.0
2588,0.974135041,,,3.0
1594,0.58532089,1.0,,
1881,0.240139246,1.0,,
4119,0.552348495,,2.0,
315,0.181121677,1.0,,
4100,0.093461998,1.0,,
1675,0.782198191,1.0,,
1028,0.238480464,,,3.0
2225,0.421680391,,2.0,
119,0.024495786,1.0,,
2868,0.973990798,,2.0,
3100,0.950175345,1.0,,
3685,0.977680027,,2.0,
4369,0.187820703,1.0,,
1003,0.942619443,1.0,,
2884,0.974135041,,,3.0
2767,0.961456835,1.0,,
4527,0.989850283,,2.0,
3058,0.187820703,1.0,,
154,0.084499359,1.0,,
4322,0.942619443,1.0,,
1591,0.745668769,,2.0,
2644,0.360975266,1.0,,
1642,0.360975266,,,3.0
1735,0.454376757,,,3.0
1573,0.615120709,,2.0,
800,0.929427028,,2.0,
4279,0.564837396,1.0,,
3773,0.902898431,1.0,,
3941,0.937520564,1.0,,
4252,0.744139433,,2.0,
3648,0.887116849,,,3.0
4475,0.634567916,1.0,,
2828,0.922532856,,,3.0
4061,0.453091055,,2.0,
1380,0.908921003,1.0,,
1467,0.072332315,1.0,,
4507,0.94167906,,2.0,
4321,0.908921003,,,3.0
1629,0.051143911,1.0,,
808,0.238480464,,,3.0
2927,0.303656548,,2.0,
1900,0.922532856,,,3.0
1381,0.961456835,,,3.0
1401,0.094757773,,,3.0
2699,0.375811279,1.0,,
2323,0.922532856,1.0,,
1253,0.130692825,,,3.0
1533,0.187820703,1.0,,
287,0.960043967,1.0,,
2837,0.238480464,,,3.0
1307,0.922532856,1.0,,
685,0.27358368,,,3.0
555,0.962967813,,2.0,
3579,0.316559851,,2.0,
1799,0.11435809,,,3.0
1648,0.653122962,1.0,,
2465,0.425917059,,2.0,
2187,0.653122962,1.0,,
3640,0.908921003,,,3.0
1746,0.902898431,1.0,,
944,0.847554326,1.0,,
3858,0.425917059,,2.0,
2564,0.031451099,,,3.0
2714,0.11435809,1.0,,
2937,0.093461998,1.0,,
1862,0.961456835,,,3.0
891,0.922532856,,,3.0
4489,0.913443744,,2.0,
1691,0.974135041,,,3.0
4264,0.977680027,,2.0,
2717,0.974135041,1.0,,
3637,0.961456835,1.0,,
1823,0.238480464,,,3.0
563,0.187820703,1.0,,
3825,0.425917059,,2.0,
2589,0.279691517,,2.0,
1662,0.114036284,,2.0,
4185,0.736887753,1.0,,
1414,0.950175345,1.0,,
2214,0.382478535,1.0,,
564,0.926077366,,2.0,
2055,0.887038708,1.0,,
430,0.922030509,,,3.0
2016,0.776861906,,2.0,
663,0.051143911,,,3.0
1129,0.187820703,1.0,,
3068,0.882967472,,2.0,
1761,0.293639034,1.0,,
2841,0.58532089,,,3.0
1701,0.973990798,,2.0,
2096,0.942619443,,,3.0
4072,0.653122962,1.0,,
3525,0.072332315,,,3.0
796,0.956047118,1.0,,
4036,0.552348495,,2.0,
1974,0.293639034,1.0,,
4265,0.922359824,,2.0,
1455,0.345757544,1.0,,
69,0.38711521,1.0,,
2204,0.117548816,,,3.0
451,0.975529432,,2.0,
2479,0.802586615,,2.0,
545,0.942619443,1.0,,
1927,0.093461998,1.0,,
3027,0.927991807,,2.0,
2419,0.293639034,1.0,,
1111,0.964219332,1.0,,
2234,0.950175345,1.0,,
1131,0.316559851,,2.0,
1853,0.042712685,,,3.0
1287,0.776861906,,2.0,
3965,0.97224468,,2.0,
4180,0.326537848,,2.0,
3836,0.093461998,,,3.0
3934,0.114271387,1.0,,
52,0.052131962,1.0,,
2317,0.736887753,,,3.0
4445,0.864454329,,,3.0
2443,0.360975266,1.0,,
3333,0.887116849,1.0,,
239,0.106641263,,2.0,
3632,0.270306379,1.0,,
2101,0.58532089,1.0,,
756,0.782198191,1.0,,
472,0.316559851,,2.0,
3692,0.181121677,,,3.0
4399,0.97224468,,2.0,
1557,0.762353837,1.0,,
4101,0.805688024,,2.0,
3658,0.187820703,1.0,,
3174,0.950175345,1.0,,
32,0.912906766,,2.0,
2177,0.362107664,,2.0,
3830,0.956047118,,,3.0
3900,0.566896141,1.0,,
3169,0.83395803,,2.0,
1703,0.939510882,1.0,,
1590,0.836268425,,,3.0
173,0.316559851,,2.0,
4345,0.974135041,1.0,,
3314,0.82518065,,2.0,
2321,0.360975266,1.0,,
2099,0.615120709,,2.0,
1611,0.729025662,,2.0,
2477,0.97224468,,2.0,
2806,0.939510882,,,3.0
3837,0.49162221,1.0,,
2249,0.939510882,,,3.0
836,0.035249133,,2.0,
2387,0.778065264,1.0,,
1890,0.926077366,,2.0,
3975,0.432520777,1.0,,
549,0.345757544,1.0,,
4496,0.940473497,,,3.0
1410,0.360975266,1.0,,
2074,0.931051493,,2.0,
4460,0.977860212,,,3.0
1321,0.051143911,,,3.0
529,0.187820703,,,3.0
23,0.03047134,,,3.0
3802,0.901114106,,2.0,
1984,0.329783618,1.0,,
2351,0.847554326,,,3.0
939,0.58532089,1.0,,
2338,0.974135041,1.0,,
3694,0.395744413,,,3.0
749,0.902898431,,,3.0
3573,0.736887753,,,3.0
1896,0.902898431,1.0,,
2452,0.960043967,1.0,,
3552,0.293639034,1.0,,
3479,0.11435809,1.0,,
2672,0.293639034,1.0,,
2241,0.051143911,1.0,,
427,0.974135041,1.0,,
3354,0.072332315,1.0,,
2360,0.965940714,,2.0,
3688,0.960043967,,,3.0
1928,0.106641263,,2.0,
2923,0.94789046,,2.0,
3766,0.181121677,1.0,,
4245,0.326537848,,2.0,
2031,0.432520777,1.0,,
4125,0.902898431,1.0,,
3060,0.093461998,1.0,,
3990,0.264229804,,2.0,
2971,0.922532856,1.0,,
1461,0.956047118,1.0,,
2106,0.552348495,,2.0,
4066,0.902898431,1.0,,
2290,0.048972692,,,3.0
2146,0.887116849,1.0,,
4415,0.922532856,,,3.0
4257,0.360975266,,,3.0
110,0.413556427,,2.0,
128,0.181121677,,,3.0
2529,0.360975266,1.0,,
2286,0.421680391,,2.0,
855,0.922359824,,2.0,
2681,0.929427028,,2.0,
3041,0.104312927,,2.0,
3432,0.39356932,,2.0,
3820,0.653122962,,,3.0
3680,0.816484094,1.0,,
1770,0.152980477,,2.0,
524,0.887038708,,,3.0
262,0.140657917,,,3.0
929,0.360975266,1.0,,
1091,0.220476165,,2.0,
3653,0.961456835,,,3.0
4539,0.978703797,1.0,,
3884,0.908921003,1.0,,
539,0.316559851,,2.0,
3307,0.932742357,,2.0,
548,0.316559851,,2.0,
2921,0.034854122,,,3.0
244,0.279691517,,2.0,
844,0.901114106,,2.0,
824,0.906378388,,2.0,
446,0.776861906,,2.0,
1801,0.950175345,,,3.0
532,0.316559851,,2.0,
1920,0.372296005,,,3.0
134,0.053793039,,2.0,
2943,0.900929034,1.0,,
3119,0.372296005,1.0,,
831,0.345757544,1.0,,
1566,0.690275788,,,3.0
985,0.144040033,1.0,,
60,0.758294225,,2.0,
348,0.181121677,,,3.0
2524,0.270306379,1.0,,
3252,0.432520777,1.0,,
2590,0.943148494,,,3.0
3997,0.279691517,,2.0,
1407,0.736887753,,,3.0
2878,0.736887753,,,3.0
2405,0.372296005,1.0,,
2457,0.063812621,,,3.0
1970,0.051143911,,,3.0
3995,0.901114106,,2.0,
1828,0.293639034,,,3.0
1898,0.960043967,1.0,,
2238,0.655170381,,2.0,
4226,0.956047118,,,3.0
4349,0.044791911,1.0,,
4166,0.072332315,,,3.0
2765,0.922359824,,2.0,
2423,0.130787,1.0,,
2415,0.926077366,,2.0,
1434,0.960036933,,2.0,
3339,0.782198191,,,3.0
3179,0.106641263,,2.0,
1794,0.142560259,,2.0,
1021,0.239710376,1.0,,
3126,0.782198191,,,3.0
3105,0.360975266,1.0,,
1394,0.432520777,1.0,,
1709,0.887038708,,,3.0
21,0.03047134,1.0,,
2758,0.929427028,,2.0,
2760,0.872855186,,,3.0
4103,0.454376757,1.0,,
4366,0.782198191,,,3.0
3295,0.040782284,,,3.0
2702,0.223051965,,2.0,
3523,0.031451099,1.0,,
2372,0.948820055,,2.0,
3973,0.372296005,1.0,,
1523,0.238480464,,,3.0
2897,0.965466678,,2.0,
81,0.01258509,,,3.0
711,0.187820703,1.0,,
1389,0.961456835,,,3.0
556,0.270306379,,,3.0
705,0.956047118,1.0,,
3006,0.960043967,1.0,,
3865,0.799770653,,2.0,
4120,0.798829615,1.0,,
1235,0.084676288,,2.0,
1481,0.093461998,1.0,,
4259,0.066100329,1.0,,
3812,0.279691517,,2.0,
618,0.872855186,1.0,,
3071,0.552348495,,2.0,
2810,0.093461998,1.0,,
757,0.425917059,,2.0,
1692,0.187820703,1.0,,
1323,0.960043967,1.0,,
700,0.653122962,1.0,,
1511,0.051143911,1.0,,
125,0.496293306,,,3.0
2207,0.884222865,,2.0,
2963,0.760424614,,2.0,
2594,0.293639034,,,3.0
1518,0.58532089,,,3.0
3646,0.908921003,1.0,,
2867,0.657583177,,2.0,
293,0.552348495,,2.0,
4124,0.251539946,1.0,,
3334,0.872855186,,,3.0
2780,0.925625801,1.0,,
1243,0.293639034,1.0,,
1357,0.653122962,,,3.0
958,0.745668769,,2.0,
2425,0.939510882,,,3.0
273,0.969425678,,2.0,
433,0.754546404,,,3.0
457,0.745668769,,2.0,
3571,0.929427028,,2.0,
1593,0.653122962,,,3.0
3639,0.031819008,1.0,,
3701,0.887038708,,,3.0
2503,0.425917059,,2.0,
517,0.181121677,1.0,,
1171,0.187820703,1.0,,
1000,0.345757544,,,3.0
1977,0.11435809,1.0,,
1602,0.884222865,,2.0,
4299,0.956047118,1.0,,
4313,0.789446712,1.0,,
3786,0.326537848,,2.0,
97,0.914562702,,,3.0
659,0.0753216,1.0,,
1429,0.293639034,1.0,,
2305,0.956047118,,,3.0
2288,0.965940714,,2.0,
3933,0.653122962,,,3.0
4464,0.967137158,,,3.0
2596,0.961456835,1.0,,
403,0.072332315,,,3.0
2858,0.872855186,1.0,,
3469,0.066100329,1.0,,
1172,0.063372299,,2.0,
1244,0.745668769,,2.0,
1919,0.960262656,,2.0,
2952,0.887038708,,,3.0
4476,0.883390784,,2.0,
957,0.345757544,1.0,,
2592,0.956047118,,,3.0
182,0.432520777,,,3.0
652,0.11435809,,,3.0
330,0.901114106,,2.0,
862,0.939510882,1.0,,
1929,0.187820703,,,3.0
1486,0.887038708,,,3.0
1660,0.051143911,,,3.0
2916,0.840206027,,,3.0
394,0.776861906,,2.0,
4042,0.745668769,,2.0,
2580,0.956047118,1.0,,
3087,0.072332315,1.0,,
3512,0.432520777,,,3.0
3271,0.916056812,,2.0,
3875,0.872855186,,,3.0
1229,0.939510882,1.0,,
3574,0.293639034,1.0,,
1994,0.135991424,,,3.0
4531,0.963675678,1.0,,
4193,0.372296005,1.0,,
3547,0.279691517,,2.0,
3028,0.965607047,,,3.0
3478,0.939510882,,,3.0
216,0.896190822,1.0,,
2220,0.270306379,,,3.0
606,0.884222865,,2.0,
3942,0.066100329,,,3.0
4147,0.887116849,,,3.0
284,0.802586615,,2.0,
3848,0.345757544,1.0,,
2427,0.961456835,,,3.0
3338,0.360975266,1.0,,
3419,0.782198191,1.0,,
417,0.969425678,,2.0,
2333,0.093461998,1.0,,
881,0.770404339,,2.0,
2705,0.187820703,1.0,,
4211,0.956047118,,,3.0
4089,0.106641263,,2.0,
3722,0.238480464,1.0,,
1,0.136357471,1.0,,
762,0.929427028,,2.0,
1677,0.974135041,,,3.0
1431,0.172727987,,,3.0
2669,0.58532089,1.0,,
971,0.956047118,1.0,,
4432,0.942619443,,,3.0
1198,0.452409834,,,3.0
3792,0.316559851,,2.0,
1043,0.960043967,1.0,,
381,0.961456835,,,3.0
1751,0.91191864,,2.0,
534,0.11435809,1.0,,
3670,0.902898431,,,3.0
1782,0.965940714,,2.0,
648,0.926077366,,2.0,
1100,0.234392062,,,3.0
2958,0.902898431,,,3.0
186,0.960036933,,2.0,
222,0.901114106,,2.0,
2337,0.372059673,1.0,,
2734,0.960043967,1.0,,
3560,0.066100329,1.0,,
1577,0.453091055,,2.0,
770,0.58532089,1.0,,
2700,0.745668769,,2.0,
292,0.974135041,1.0,,
3228,0.176924497,,,3.0
64,0.786312938,1.0,,
1731,0.97224468,,2.0,
4237,0.360975266,1.0,,
4480,0.69880271,1.0,,
4097,0.922359824,,2.0,
1088,0.776861906,,2.0,
305,0.942619443,,,3.0
2358,0.360975266,1.0,,
2624,0.030722605,1.0,,
2786,0.801037312,,,3.0
1959,0.316559851,,2.0,
899,0.326537848,,2.0,
3291,0.902898431,1.0,,
1092,0.922532856,,,3.0
345,0.736887753,,,3.0
3454,0.372296005,1.0,,
1089,0.220476165,,2.0,
4325,0.902898431,,,3.0
1700,0.902898431,,,3.0
3229,0.745668769,,2.0,
270,0.181121677,,,3.0
2200,0.345757544,,,3.0
4213,0.926077366,,2.0,
3018,0.653122962,,,3.0
558,0.974135041,1.0,,
817,0.926077366,,2.0,
1347,0.973990798,,2.0,
3104,0.961456835,,,3.0
1810,0.607900083,,2.0,
132,0.044328522,,,3.0
3078,0.887038708,1.0,,
2485,0.653122962,,,3.0
925,0.044717964,1.0,,
2486,0.825803757,1.0,,
1265,0.887038708,,,3.0
4025,0.776861906,,2.0,
1246,0.901114106,,2.0,
2799,0.745668769,,2.0,
857,0.902898431,,,3.0
4344,0.152980477,,2.0,
2295,0.12879315,,2.0,
468,0.453091055,,2.0,
2617,0.698932171,,2.0,
2941,0.922359824,,2.0,
1319,0.719505847,,2.0,
470,0.181121677,1.0,,
3586,0.152980477,,2.0,
2089,0.130003452,,,3.0
1529,0.432520777,,,3.0
4472,0.730099082,,2.0,
2012,0.761235297,1.0,,
580,0.887038708,,,3.0
551,0.615120709,,2.0,
4374,0.802586615,,2.0,
2809,0.11435809,1.0,,
1448,0.872855186,,,3.0
3254,0.372296005,1.0,,
9,0.554385364,,2.0,
3379,0.922532856,1.0,,
2782,0.201888829,,2.0,
2861,0.929427028,,2.0,
2814,0.908921003,,,3.0
1232,0.270306379,1.0,,
150,0.887038708,,,3.0
1196,0.316559851,,2.0,
1510,0.969425678,,2.0,
4509,0.776334167,,2.0,
1597,0.326537848,,2.0,
4388,0.220476165,,2.0,
3950,0.345757544,,,3.0
3536,0.736887753,1.0,,
2817,0.066100329,1.0,,
3177,0.974135041,1.0,,
3958,0.782198191,,,3.0
2519,0.425917059,,2.0,
225,0.152980477,,2.0,
1252,0.316559851,,2.0,
1580,0.653122962,1.0,,
3940,0.345757544,1.0,,
2987,0.96941334,,2.0,
3930,0.187820703,1.0,,
4488,0.857082784,,2.0,
140,0.929427028,,2.0,
721,0.360975266,,,3.0
2661,0.977680027,,2.0,
4052,0.270306379,1.0,,
87,0.817674994,,,3.0
1374,0.926077366,,2.0,
2020,0.11435809,,,3.0
1939,0.220476165,,2.0,
1254,0.926077366,,2.0,
3578,0.922532856,,,3.0
203,0.372296005,,,3.0
70,0.69086802,1.0,,
155,0.58532089,1.0,,
4381,0.922532856,1.0,,
4207,0.857671499,,,3.0
4463,0.850737274,,2.0,
300,0.884222865,,2.0,
1918,0.1875007,,2.0,
1784,0.950175345,1.0,,
2279,0.902898431,1.0,,
702,0.143501431,,2.0,
1070,0.956047118,,,3.0
681,0.432520777,,,3.0
1369,0.396842837,1.0,,
3309,0.220476165,,2.0,
2208,0.293639034,,,3.0
2022,0.360975266,,,3.0
2499,0.942619443,1.0,,
453,0.152980477,,2.0,
149,0.111357957,1.0,,
3833,0.902898431,,,3.0
1956,0.908921003,,,3.0
1181,0.316559851,,2.0,
2473,0.653122962,,,3.0
676,0.453091055,,2.0,
449,0.960036933,,2.0,
1638,0.884222865,,2.0,
3222,0.973990798,,2.0,
1820,0.293639034,1.0,,
3485,0.960036933,,2.0,
1878,0.908921003,,,3.0
2203,0.698932171,,2.0,
3108,0.887983501,,2.0,
560,0.969425678,,2.0,
3042,0.297339231,1.0,,
2293,0.865729153,1.0,,
4190,0.11435809,,,3.0
2030,0.887038708,1.0,,
1219,0.939510882,1.0,,
1302,0.279691517,,2.0,
13,0.375661403,,2.0,
1460,0.244852215,,,3.0
2356,0.901114106,,2.0,
3233,0.58532089,1.0,,
2375,0.187820703,1.0,,
301,0.051143911,1.0,,
528,0.884222865,,2.0,
4506,0.984429717,1.0,,
2366,0.956047118,1.0,,
3072,0.944947481,1.0,,
1962,0.072332315,1.0,,
3429,0.58532089,1.0,,
509,0.956047118,,,3.0
29,0.449116021,1.0,,
3373,0.908921003,1.0,,
1363,0.859167039,,2.0,
3472,0.372296005,,,3.0
4234,0.94653672,1.0,,
4022,0.942619443,,,3.0
211,0.453091055,,2.0,
321,0.912243962,,,3.0
2464,0.902898431,,,3.0
2674,0.034854122,1.0,,
171,0.095507659,1.0,,
2716,0.360975266,1.0,,
1817,0.028540198,,,3.0
4462,0.966437757,,2.0,
3038,0.793306947,,,3.0
2216,0.880025566,,,3.0
3383,0.066100329,,,3.0
557,0.939510882,1.0,,
3850,0.902898431,1.0,,
2605,0.872855186,,,3.0
4040,0.152980477,,2.0,
1456,0.736887753,1.0,,
1020,0.939510882,,,3.0
2422,0.345757544,,,3.0
3988,0.453091055,,2.0,
2683,0.887116849,1.0,,
1542,0.066100329,1.0,,
4183,0.902898431,1.0,,
846,0.922532856,1.0,,
1160,0.259231389,,,3.0
973,0.961497486,,2.0,
2178,0.782198191,,,3.0
3056,0.093461998,1.0,,
1696,0.922532856,1.0,,
1976,0.969425678,,2.0,
1350,0.58532089,,,3.0
1740,0.736887753,,,3.0
99,0.01467542,,,3.0
2935,0.908921003,,,3.0
438,0.337609708,,,3.0
1353,0.27358368,1.0,,
431,0.961456835,,,3.0
1195,0.051143911,,,3.0
1547,0.432520777,,,3.0
3869,0.360975266,,,3.0
3061,0.902898431,1.0,,
2274,0.270306379,1.0,,
1848,0.895015776,,2.0,
2025,0.220476165,,2.0,
3647,0.736887753,1.0,,
2650,0.117548816,1.0,,
2826,0.902898431,,,3.0
3003,0.258479685,,,3.0
666,0.807037532,1.0,,
4393,0.973990798,,2.0,
4370,0.802586615,,2.0,
4444,0.961456835,1.0,,
2217,0.965466678,,2.0,
354,0.220476165,,2.0,
785,0.279691517,,2.0,
2819,0.279691517,,2.0,
54,0.719209015,,2.0,
2548,0.345757544,,,3.0
3273,0.238480464,1.0,,
1615,0.887116849,,,3.0
662,0.072332315,,,3.0
3364,0.270306379,,,3.0
237,0.093461998,,,3.0
1846,0.148929998,,,3.0
2105,0.942619443,1.0,,
3662,0.977680027,,2.0,
2891,0.071420714,1.0,,
494,0.863179922,1.0,,
3700,0.112010412,1.0,,
3515,0.163293183,,2.0,
248,0.58532089,,,3.0
4347,0.066100329,1.0,,
2433,0.906712949,,,3.0
4526,0.987539172,,2.0,
1075,0.640124381,,2.0,
325,0.47973001,,2.0,
2104,0.61079067,,,3.0
103,0.014127486,1.0,,
3511,0.887038708,,,3.0
2726,0.776861906,,2.0,
92,0.208581626,,2.0,
2003,0.942619443,1.0,,
2439,0.889835,1.0,,
2168,0.187820703,,,3.0
279,0.293639034,1.0,,
3776,0.908921003,1.0,,
2925,0.887038708,1.0,,
533,0.776861906,,2.0,
1699,0.187820703,1.0,,
2722,0.973990798,,2.0,
2322,0.942619443,,,3.0
2115,0.114036284,,2.0,
2259,0.140255839,,2.0,
3513,0.920121789,1.0,,
3534,0.425917059,,2.0,
706,0.920934379,1.0,,
350,0.432520777,1.0,,
766,0.066100329,,,3.0
991,0.372296005,,,3.0
238,0.477566123,1.0,,
2526,0.872855186,,,3.0
998,0.432520777,1.0,,
2631,0.942619443,,,3.0
4425,0.97224468,,2.0,
3677,0.58532089,1.0,,
53,0.017584551,1.0,,
2879,0.96844101,,2.0,
4452,0.971330345,,2.0,
2665,0.421680391,,2.0,
362,0.615120709,,2.0,
1630,0.051143911,,,3.0
2282,0.278274506,1.0,,
1517,0.452409834,1.0,,
3370,0.745668769,,2.0,
1540,0.270306379,,,3.0
501,0.235328883,,2.0,
2190,0.317358166,,2.0,
4041,0.279691517,,2.0,
4360,0.928585589,1.0,,
630,0.978015959,,2.0,
4261,0.745668769,,2.0,
696,0.432520777,,,3.0
49,0.018993817,1.0,,
1001,0.106641263,,2.0,
2568,0.345757544,1.0,,
575,0.857586205,,,3.0
4392,0.653122962,,,3.0
4278,0.960043967,,,3.0
3422,0.939510882,1.0,,
500,0.965940714,,2.0,
207,0.939510882,1.0,,
2619,0.782198191,1.0,,
405,0.956047118,1.0,,
349,0.066100329,,,3.0
3346,0.898122609,,2.0,
4334,0.066100329,1.0,,
4500,0.475474507,,2.0,
835,0.187820703,1.0,,
2040,0.072332315,1.0,,
951,0.360975266,,,3.0
4514,0.967850506,,,3.0
2525,0.11435809,,,3.0
93,0.018993817,,,3.0
1322,0.898122609,,2.0,
2829,0.974135041,,,3.0
3037,0.345757544,,,3.0
1840,0.214124158,1.0,,
413,0.372296005,1.0,,
2671,0.345757544,,,3.0
1954,0.736887753,,,3.0
2307,0.345757544,,,3.0
578,0.238480464,,,3.0
2743,0.072332315,,,3.0
2283,0.868948579,,2.0,
1670,0.178561866,1.0,,
2027,0.061120614,1.0,,
4186,0.763069272,,2.0,
3873,0.425917059,,2.0,
2547,0.974135041,,,3.0
1263,0.896190822,,,3.0
353,0.181121677,1.0,,
3269,0.960043967,1.0,,
2860,0.345757544,1.0,,
1679,0.929427028,,2.0,
1112,0.316559851,,2.0,
4202,0.653122962,,,3.0
24,0.02128887,,,3.0
1101,0.541751981,,2.0,
326,0.051143911,1.0,,
4254,0.898122609,,2.0,
3898,0.360975266,,,3.0
4510,0.72670269,,,3.0
596,0.916135252,,,3.0
3062,0.973990798,,2.0,
3352,0.968348205,,2.0,
3293,0.372296005,,,3.0
4098,0.959835291,,2.0,
4102,0.093461998,1.0,,
3856,0.969425678,,2.0,
3377,0.913907409,1.0,,
3633,0.432520777,1.0,,
4128,0.061120614,,,3.0
3870,0.973990798,,2.0,
2504,0.093461998,,,3.0
1397,0.965466678,,2.0,
2772,0.114036284,,2.0,
2257,0.11435809,,,3.0
3474,0.965466678,,2.0,
3266,0.736887753,,,3.0
219,0.051143911,1.0,,
131,0.908921003,,,3.0
1049,0.974135041,1.0,,
2079,0.453091055,,2.0,
2691,0.956047118,1.0,,
4095,0.974135041,,,3.0
566,0.965940714,,2.0,
2316,0.776861906,,2.0,
461,0.974135041,,,3.0
1008,0.884222865,,2.0,
1827,0.950175345,1.0,,
2253,0.890859842,,,3.0
4225,0.051143911,,,3.0
410,0.279691517,,2.0,
406,0.799030244,,,3.0
2996,0.279691517,,2.0,
2851,0.372296005,1.0,,
1876,0.802586615,,2.0,
814,0.072332315,1.0,,
118,0.868175507,,2.0,
2281,0.974135041,1.0,,
1584,0.969425678,,2.0,
3420,0.118368067,1.0,,
2518,0.942619443,1.0,,
772,0.208941057,,,3.0
2347,0.942619443,1.0,,
1361,0.58532089,,,3.0
4003,0.293639034,,,3.0
3410,0.887038708,1.0,,
2459,0.615120709,,2.0,
2223,0.163293183,,2.0,
26,0.449116021,,,3.0
4302,0.926077366,,2.0,
2773,0.887038708,1.0,,
16,0.150509447,1.0,,
2688,0.819340825,,2.0,
888,0.961456835,,,3.0
3153,0.97224468,,2.0,
1441,0.114036284,,2.0,
1113,0.316559851,,2.0,
3013,0.872855186,,,3.0
2298,0.802586615,,2.0,
2757,0.270306379,1.0,,
4086,0.736887753,,,3.0
4080,0.432520777,,,3.0
1808,0.293639034,,,3.0
335,0.939510882,1.0,,
3132,0.929427028,,2.0,
3751,0.58532089,1.0,,
2957,0.884222865,,2.0,
4109,0.939510882,,,3.0
4239,0.255106091,,,3.0
1309,0.976437628,,2.0,
1913,0.969425678,,2.0,
2137,0.489499658,,2.0,
1925,0.373946309,,2.0,
1331,0.066100329,1.0,,
3163,0.518498719,1.0,,
4468,0.675607383,,,3.0
2409,0.950235009,,,3.0
864,0.421680391,,2.0,
938,0.956047118,,,3.0
591,0.11435809,,,3.0
3623,0.956047118,,,3.0
3131,0.220476165,,2.0,
2164,0.976993859,,2.0,
2979,0.942619443,,,3.0
3762,0.960036933,,2.0,
1645,0.97224468,,2.0,
1950,0.97224468,,2.0,
1087,0.326537848,,2.0,
2789,0.066100329,,,3.0
38,0.496293306,1.0,,
592,0.360975266,,,3.0
3834,0.965940714,,2.0,
476,0.181121677,1.0,,
1469,0.965940714,,2.0,
1621,0.270306379,1.0,,
603,0.270306379,,,3.0
3996,0.922359824,,2.0,
725,0.958634317,,2.0,
1706,0.360975266,1.0,,
1765,0.902898431,1.0,,
2597,0.238480464,,,3.0
876,0.066100329,1.0,,
1550,0.375811279,,,3.0
2211,0.922532856,1.0,,
3842,0.11435809,,,3.0
3679,0.942619443,1.0,,
2349,0.084499359,,,3.0
1128,0.908921003,,,3.0
199,0.49162221,,,3.0
918,0.615120709,,2.0,
3963,0.919005513,,,3.0
3821,0.872855186,1.0,,
3655,0.293639034,,,3.0
3816,0.776861906,,2.0,
1678,0.654047489,1.0,,
2421,0.653122962,,,3.0
769,0.345757544,,,3.0
3275,0.872855186,1.0,,
4478,0.967137158,1.0,,
1416,0.950175345,,,3.0
3204,0.114036284,,2.0,
1798,0.969425678,,2.0,
1689,0.911467373,,2.0,
3497,0.653122962,1.0,,
4133,0.453091055,,2.0,
1458,0.960043967,1.0,,
3355,0.928569436,,2.0,
2064,0.97224468,,2.0,
2413,0.872855186,,,3.0
2873,0.898122609,,2.0,
2401,0.969425678,,2.0,
2626,0.209202841,1.0,,
1819,0.958608031,,2.0,
4357,0.187820703,,,3.0
2514,0.960043967,1.0,,
1961,0.270306379,,,3.0
917,0.901114106,,2.0,
2142,0.977680027,,2.0,
572,0.051143911,,,3.0
695,0.106641263,,2.0,
1499,0.093461998,,,3.0
4038,0.745668769,,2.0,
2906,0.093461998,,,3.0
3780,0.187820703,1.0,,
3281,0.634545922,1.0,,
1053,0.920026064,,2.0,
3527,0.872855186,,,3.0
3272,0.965940714,,2.0,
3822,0.528676629,,2.0,
1485,0.051143911,1.0,,
3619,0.425917059,,2.0,
850,0.187820703,,,3.0
704,0.872855186,1.0,,
3496,0.279691517,,2.0,
46,0.960004985,,2.0,
3908,0.943144023,,,3.0
217,0.181121677,,,3.0
1225,0.11435809,,,3.0
2532,0.051143911,,,3.0
3602,0.887116849,,,3.0
3699,0.360975266,,,3.0
1497,0.960036933,,2.0,
428,0.220476165,,2.0,
2037,0.887116849,1.0,,
1968,0.887038708,,,3.0
2752,0.293639034,,,3.0
4276,0.887038708,1.0,,
3225,0.163293183,,2.0,
2895,0.242957905,1.0,,
845,0.516749859,,,3.0
309,0.093461998,,,3.0
4405,0.939510882,,,3.0
1707,0.238480464,1.0,,
195,0.97224468,,2.0,
1484,0.926077366,,2.0,
2537,0.939510882,1.0,,
228,0.887116849,1.0,,
2629,0.901114106,,2.0,
1159,0.908921003,,,3.0
3092,0.234129354,1.0,,
2365,0.782198191,,,3.0
3876,0.969425678,,2.0,
3959,0.066100329,,,3.0
4522,0.675607383,1.0,,
4431,0.902898431,1.0,,
2954,0.960043967,,,3.0
3948,0.949953079,1.0,,
2667,0.615120709,,2.0,
843,0.066100329,1.0,,
4439,0.898122609,,2.0,
2381,0.887038708,1.0,,
342,0.325663477,,,3.0
2698,0.151176706,1.0,,
1960,0.876864254,1.0,,
1978,0.360975266,1.0,,
3823,0.713348806,,,3.0
3516,0.317539722,,2.0,
4533,0.69880271,,,3.0
332,0.782198191,,,3.0
2940,0.965940714,,2.0,
399,0.942619443,,,3.0
959,0.270306379,,,3.0
4493,0.752672017,,2.0,
653,0.425917059,,2.0,
2771,0.950175345,1.0,,
3871,0.960043967,1.0,,
1891,0.152980477,,2.0,
1766,0.453091055,,2.0,
4219,0.698932171,,2.0,
2302,0.745668769,,2.0,
3080,0.238480464,1.0,,
1046,0.890859842,1.0,,
2374,0.552348495,,2.0,
3643,0.653122962,,,3.0
2299,0.187960744,,,3.0
63,0.080621541,,2.0,
1714,0.950175345,,,3.0
2847,0.107628815,1.0,,
522,0.238480464,,,3.0
2123,0.973990798,,2.0,
1969,0.736887753,1.0,,
2024,0.922532856,,,3.0
4018,0.904874861,,,3.0
976,0.973990798,,2.0,
644,0.922359824,,2.0,
3910,0.238480464,,,3.0
2046,0.727344811,,,3.0
2905,0.360975266,1.0,,
3779,0.942037642,,2.0,
4026,0.497012734,,,3.0
193,0.908921003,,,3.0
391,0.607900083,,2.0,
1317,0.956047118,,,3.0
2202,0.922532856,1.0,,
2348,0.453091055,,2.0,
3654,0.776861906,,2.0,
28,0.023077946,,2.0,
157,0.372296005,,,3.0
3505,0.902898431,,,3.0
1967,0.887038708,,,3.0
970,0.293639034,,,3.0
2707,0.973990798,,2.0,
3695,0.360975266,1.0,,
1068,0.372296005,,,3.0
3473,0.745668769,,2.0,
629,0.425917059,,2.0,
789,0.922532856,,,3.0
2080,0.345757544,,,3.0
4469,0.717111588,,,3.0
2291,0.658375144,1.0,,
3127,0.898122609,,2.0,
2562,0.901114106,,2.0,
1058,0.950175345,1.0,,
4223,0.372296005,1.0,,
3553,0.163293183,,2.0,
1825,0.926077366,,2.0,
2685,0.653122962,1.0,,
1352,0.977680027,,2.0,
337,0.093461998,1.0,,
3508,0.063812621,1.0,,
2961,0.974135041,,,3.0
3902,0.736887753,1.0,,
3095,0.181121677,1.0,,
3103,0.974135041,1.0,,
2849,0.072332315,1.0,,
1930,0.607900083,,2.0,
2263,0.960726798,1.0,,
2179,0.694841027,1.0,,
2060,0.187820703,1.0,,
1884,0.114271387,,,3.0
2794,0.898122609,,2.0,
2967,0.041406706,1.0,,
2376,0.974135041,,,3.0
1027,0.360975266,,,3.0
1178,0.067926802,,2.0,
4343,0.11435809,,,3.0
344,0.929427028,,2.0,
834,0.802586615,,2.0,
4400,0.460958451,1.0,,
4461,0.33025828,,,3.0
2917,0.653122962,,,3.0
4404,0.887038708,,,3.0
3914,0.939510882,,,3.0
3565,0.316559851,,2.0,
4074,0.926077366,,2.0,
3540,0.150272876,1.0,,
4019,0.922359824,,2.0,
3558,0.745668769,,2.0,
1502,0.939221919,1.0,,
2598,0.152980477,,2.0,
215,0.908921003,1.0,,
638,0.11435809,1.0,,
2083,0.778308272,,2.0,
3247,0.125403687,,2.0,
712,0.045664947,,2.0,
779,0.908921003,1.0,,
163,0.977680027,,2.0,
3137,0.145333454,,,3.0
3588,0.887038708,,,3.0
3543,0.034964632,1.0,,
2790,0.238378331,,,3.0
1710,0.977680027,,2.0,
400,0.887038708,1.0,,
17,0.689281166,,2.0,
1031,0.960036933,,2.0,
1023,0.908921003,,,3.0
1889,0.969425678,,2.0,
1729,0.908921003,1.0,,
2976,0.960043967,1.0,,
3661,0.220476165,,2.0,
4035,0.607900083,,2.0,
525,0.782198191,,,3.0
1200,0.763069272,,2.0,
323,0.736887753,,,3.0
3894,0.961456835,1.0,,
1879,0.903312027,,,3.0
754,0.377538532,,,3.0
1578,0.884222865,,2.0,
2618,0.421680391,,2.0,
4494,0.483848184,,2.0,
1137,0.922692776,,,3.0
1007,0.908921003,1.0,,
1443,0.872855186,,,3.0
2719,0.270306379,1.0,,
3801,0.745668769,,2.0,
223,0.929427028,,2.0,
3498,0.066100329,,,3.0
1365,0.939510882,,,3.0
4255,0.966202497,,2.0,
3705,0.220476165,,2.0,
3577,0.372296005,1.0,,
1065,0.421680391,,2.0,
370,0.61330694,,2.0,
799,0.922532856,1.0,,
651,0.961456835,1.0,,
3418,0.114036284,,2.0,
3465,0.122275464,,2.0,
3509,0.08331427,,,3.0
2067,0.931010544,,,3.0
6,0.30755347,,,3.0
490,0.293639034,1.0,,
3866,0.782198191,1.0,,
2690,0.372296005,,,3.0
977,0.736887753,1.0,,
2992,0.453091055,,2.0,
1318,0.942619443,,,3.0
531,0.965940714,,2.0,
4262,0.432520777,,,3.0
4173,0.745668769,,2.0,
1395,0.430757463,,,3.0
1324,0.942619443,,,3.0
1722,0.360975266,1.0,,
3499,0.736887753,1.0,,
3707,0.425917059,,2.0,
488,0.039964452,1.0,,
192,0.29843989,,2.0,
3016,0.884222865,,2.0,
3859,0.596462667,,2.0,
3733,0.094757773,1.0,,
165,0.152980477,,2.0,
2731,0.922359824,,2.0,
2209,0.215792015,,2.0,
71,0.02868103,1.0,,
320,0.130692825,1.0,,
3896,0.293639034,1.0,,
1377,0.360975266,,,3.0
2950,0.965940714,,2.0,
317,0.58532089,1.0,,
4209,0.969425678,,2.0,
2369,0.977680027,,2.0,
1086,0.872855186,,,3.0
1814,0.887038708,1.0,,
3276,0.453091055,,2.0,
257,0.956047118,,,3.0
1783,0.863179922,,,3.0
4328,0.326537848,,2.0,
1015,0.270306379,,,3.0
3365,0.973990798,,2.0,
3752,0.845005751,1.0,,
2128,0.825803757,,,3.0
776,0.07517162,,2.0,
986,0.653122962,1.0,,
1480,0.922359824,,2.0,
4099,0.187820703,,,3.0
3167,0.887038708,,,3.0
2601,0.736887753,1.0,,
4268,0.051143911,1.0,,
2062,0.293639034,,,3.0
1076,0.615120709,,2.0,
3905,0.736887753,1.0,,
2721,0.902898431,1.0,,
3124,0.954525292,,2.0,
2167,0.163293183,,2.0,
912,0.152980477,,2.0,
3113,0.653122962,1.0,,
2802,0.736887753,1.0,,
2791,0.950175345,1.0,,
2516,0.360975266,,,3.0
1739,0.163293183,,2.0,
3109,0.238480464,1.0,,
2907,0.114036284,,2.0,
1167,0.965466678,,2.0,
3259,0.965940714,,2.0,
1690,0.066100329,,,3.0
439,0.960043967,1.0,,
2613,0.902898431,1.0,,
4323,0.279691517,,2.0,
1463,0.117548816,1.0,,
4446,0.984064996,,,3.0
1643,0.894730568,1.0,,
2006,0.293456465,,2.0,
2657,0.950175345,1.0,,
3310,0.929427028,,2.0,
1295,0.372296005,,,3.0
3215,0.051143911,,,3.0
166,0.152980477,,2.0,
4412,0.326537848,,2.0,
1587,0.912206173,,2.0,
1339,0.607900083,,2.0,
4143,0.360975266,,,3.0
4069,0.607900083,,2.0,
2865,0.11435809,1.0,,
2453,0.093461998,,,3.0
4355,0.745668769,,2.0,
4447,0.959182501,1.0,,
981,0.270306379,,,3.0
1877,0.326537848,,2.0,
2538,0.950175345,,,3.0
1536,0.698932171,,2.0,
840,0.163293183,,2.0,
1899,0.187820703,,,3.0
506,0.956047118,1.0,,
1391,0.072332315,1.0,,
4188,0.872855186,,,3.0
4020,0.372296005,,,3.0
1610,0.49718684,,,3.0
3989,0.956047118,1.0,,
581,0.736887753,1.0,,
3740,0.106641263,,2.0,
934,0.922359824,,2.0,
429,0.850866556,1.0,,
232,0.091103591,1.0,,
2682,0.58532089,,,3.0
2318,0.072332315,,,3.0
2677,0.960036933,,2.0,
3189,0.360975266,1.0,,
189,0.238480464,1.0,,
2796,0.902898431,,,3.0
2981,0.051143911,1.0,,
4402,0.929427028,,2.0,
146,0.425917059,,2.0,
4079,0.187820703,,,3.0
395,0.360975266,,,3.0
3461,0.278274506,,,3.0
1623,0.326537848,,2.0,
1234,0.939510882,,,3.0
82,0.128696516,1.0,,
1064,0.653122962,1.0,,
3024,0.776861906,,2.0,
1115,0.066100329,1.0,,
3019,0.270306379,,,3.0
4442,0.93608135,,,3.0
2233,0.196843579,,2.0,
2437,0.903164387,,,3.0
682,0.949062407,1.0,,
2087,0.327248931,,2.0,
3207,0.782198191,,,3.0
2035,0.116066873,1.0,,
4115,0.485779256,,2.0,
2811,0.872855186,1.0,,
398,0.251539946,,,3.0
3805,0.726184547,,2.0,
781,0.901114106,,2.0,
11,0.818626225,,2.0,
3441,0.961456835,,,3.0
1078,0.973990798,,2.0,
272,0.516749859,1.0,,
1193,0.460958451,,,3.0
1821,0.653122962,1.0,,
4231,0.922532856,,,3.0
2460,0.607900083,,2.0,
3433,0.106641263,,2.0,
2584,0.360975266,,,3.0
2260,0.922532856,,,3.0
12,0.109612994,1.0,,
2139,0.62013948,1.0,,
3584,0.360975266,,,3.0
701,0.220476165,,2.0,
2285,0.293639034,,,3.0
3195,0.33001551,1.0,,
1988,0.89680469,1.0,,
1791,0.066100329,,,3.0
714,0.421680391,,2.0,
